reference_date,horizon,target,target_end_date,location,output_type,output_type_id,value
2026-05-09,0,wk inc rsv hosp,2026-05-09,06,quantile,0.01,0.0
2026-05-09,0,wk inc rsv hosp,2026-05-09,06,quantile,0.025,0.0
2026-05-09,0,wk inc rsv hosp,2026-05-09,06,quantile,0.05,0.0
2026-05-09,0,wk inc rsv hosp,2026-05-09,06,quantile,0.1,15.618329449733324
2026-05-09,0,wk inc rsv hosp,2026-05-09,06,quantile,0.15,20.919117101923742
2026-05-09,0,wk inc rsv hosp,2026-05-09,06,quantile,0.2,22.77241014201266
2026-05-09,0,wk inc rsv hosp,2026-05-09,06,quantile,0.25,50.60639123480959
2026-05-09,0,wk inc rsv hosp,2026-05-09,06,quantile,0.3,62.35660274868059
2026-05-09,0,wk inc rsv hosp,2026-05-09,06,quantile,0.35,70.18977966946663
2026-05-09,0,wk inc rsv hosp,2026-05-09,06,quantile,0.4,74.6830603732
2026-05-09,0,wk inc rsv hosp,2026-05-09,06,quantile,0.45,77.85649696769526
2026-05-09,0,wk inc rsv hosp,2026-05-09,06,quantile,0.5,91.71733025
2026-05-09,0,wk inc rsv hosp,2026-05-09,06,quantile,0.55,102.69515553230472
2026-05-09,0,wk inc rsv hosp,2026-05-09,06,quantile,0.6,105.8685921268
2026-05-09,0,wk inc rsv hosp,2026-05-09,06,quantile,0.65,110.36187283053336
2026-05-09,0,wk inc rsv hosp,2026-05-09,06,quantile,0.7,118.1950497513194
2026-05-09,0,wk inc rsv hosp,2026-05-09,06,quantile,0.75,129.9452612651904
2026-05-09,0,wk inc rsv hosp,2026-05-09,06,quantile,0.8,157.77924235798733
2026-05-09,0,wk inc rsv hosp,2026-05-09,06,quantile,0.85,159.63253539807624
2026-05-09,0,wk inc rsv hosp,2026-05-09,06,quantile,0.9,164.9333230502667
2026-05-09,0,wk inc rsv hosp,2026-05-09,06,quantile,0.95,181.94720037951748
2026-05-09,0,wk inc rsv hosp,2026-05-09,06,quantile,0.975,262.21972271666675
2026-05-09,0,wk inc rsv hosp,2026-05-09,06,quantile,0.99,262.21972271666675
2026-05-09,0,wk inc rsv hosp,2026-05-09,08,quantile,0.01,0.0
2026-05-09,0,wk inc rsv hosp,2026-05-09,08,quantile,0.025,0.0
2026-05-09,0,wk inc rsv hosp,2026-05-09,08,quantile,0.05,0.0
2026-05-09,0,wk inc rsv hosp,2026-05-09,08,quantile,0.1,0.0
2026-05-09,0,wk inc rsv hosp,2026-05-09,08,quantile,0.15,0.0
2026-05-09,0,wk inc rsv hosp,2026-05-09,08,quantile,0.2,0.0
2026-05-09,0,wk inc rsv hosp,2026-05-09,08,quantile,0.25,3.907247170418984
2026-05-09,0,wk inc rsv hosp,2026-05-09,08,quantile,0.3,17.982812253471423
2026-05-09,0,wk inc rsv hosp,2026-05-09,08,quantile,0.35,35.48319714146663
2026-05-09,0,wk inc rsv hosp,2026-05-09,08,quantile,0.4,38.288368956632034
2026-05-09,0,wk inc rsv hosp,2026-05-09,08,quantile,0.45,41.82557252952001
2026-05-09,0,wk inc rsv hosp,2026-05-09,08,quantile,0.5,45.733020375
2026-05-09,0,wk inc rsv hosp,2026-05-09,08,quantile,0.55,46.97499397047999
2026-05-09,0,wk inc rsv hosp,2026-05-09,08,quantile,0.6,50.51219754336797
2026-05-09,0,wk inc rsv hosp,2026-05-09,08,quantile,0.65,53.31736935853337
2026-05-09,0,wk inc rsv hosp,2026-05-09,08,quantile,0.7,70.81775424652858
2026-05-09,0,wk inc rsv hosp,2026-05-09,08,quantile,0.75,84.89331932958102
2026-05-09,0,wk inc rsv hosp,2026-05-09,08,quantile,0.8,93.65194095960004
2026-05-09,0,wk inc rsv hosp,2026-05-09,08,quantile,0.85,94.66478613742476
2026-05-09,0,wk inc rsv hosp,2026-05-09,08,quantile,0.9,132.64288413624007
2026-05-09,0,wk inc rsv hosp,2026-05-09,08,quantile,0.95,150.2878999
2026-05-09,0,wk inc rsv hosp,2026-05-09,08,quantile,0.975,150.2878999
2026-05-09,0,wk inc rsv hosp,2026-05-09,08,quantile,0.99,150.2878999
2026-05-09,0,wk inc rsv hosp,2026-05-09,09,quantile,0.01,0.0
2026-05-09,0,wk inc rsv hosp,2026-05-09,09,quantile,0.025,0.0
2026-05-09,0,wk inc rsv hosp,2026-05-09,09,quantile,0.05,0.0
2026-05-09,0,wk inc rsv hosp,2026-05-09,09,quantile,0.1,2.65240611825838
2026-05-09,0,wk inc rsv hosp,2026-05-09,09,quantile,0.15,4.274397522370794
2026-05-09,0,wk inc rsv hosp,2026-05-09,09,quantile,0.2,7.485624878381213
2026-05-09,0,wk inc rsv hosp,2026-05-09,09,quantile,0.25,10.112497598902214
2026-05-09,0,wk inc rsv hosp,2026-05-09,09,quantile,0.3,11.908362077063778
2026-05-09,0,wk inc rsv hosp,2026-05-09,09,quantile,0.35,12.389977961501192
2026-05-09,0,wk inc rsv hosp,2026-05-09,09,quantile,0.4,15.290037920455209
2026-05-09,0,wk inc rsv hosp,2026-05-09,09,quantile,0.45,17.484260907243808
2026-05-09,0,wk inc rsv hosp,2026-05-09,09,quantile,0.5,22.52075664166667
2026-05-09,0,wk inc rsv hosp,2026-05-09,09,quantile,0.55,25.803723342756197
2026-05-09,0,wk inc rsv hosp,2026-05-09,09,quantile,0.6,27.997946329544792
2026-05-09,0,wk inc rsv hosp,2026-05-09,09,quantile,0.65,30.89800628849881
2026-05-09,0,wk inc rsv hosp,2026-05-09,09,quantile,0.7,31.379622172936223
2026-05-09,0,wk inc rsv hosp,2026-05-09,09,quantile,0.75,33.175486651097785
2026-05-09,0,wk inc rsv hosp,2026-05-09,09,quantile,0.8,35.80235937161879
2026-05-09,0,wk inc rsv hosp,2026-05-09,09,quantile,0.85,39.0135867276292
2026-05-09,0,wk inc rsv hosp,2026-05-09,09,quantile,0.9,40.63557813174162
2026-05-09,0,wk inc rsv hosp,2026-05-09,09,quantile,0.95,46.30451597396268
2026-05-09,0,wk inc rsv hosp,2026-05-09,09,quantile,0.975,47.57958455833334
2026-05-09,0,wk inc rsv hosp,2026-05-09,09,quantile,0.99,47.57958455833334
2026-05-09,0,wk inc rsv hosp,2026-05-09,13,quantile,0.01,0.0
2026-05-09,0,wk inc rsv hosp,2026-05-09,13,quantile,0.025,0.0
2026-05-09,0,wk inc rsv hosp,2026-05-09,13,quantile,0.05,0.0
2026-05-09,0,wk inc rsv hosp,2026-05-09,13,quantile,0.1,0.0
2026-05-09,0,wk inc rsv hosp,2026-05-09,13,quantile,0.15,0.0
2026-05-09,0,wk inc rsv hosp,2026-05-09,13,quantile,0.2,0.0
2026-05-09,0,wk inc rsv hosp,2026-05-09,13,quantile,0.25,0.0
2026-05-09,0,wk inc rsv hosp,2026-05-09,13,quantile,0.3,2.120053829980975
2026-05-09,0,wk inc rsv hosp,2026-05-09,13,quantile,0.35,12.088915473599986
2026-05-09,0,wk inc rsv hosp,2026-05-09,13,quantile,0.4,16.997286412746032
2026-05-09,0,wk inc rsv hosp,2026-05-09,13,quantile,0.45,21.453887824368245
2026-05-09,0,wk inc rsv hosp,2026-05-09,13,quantile,0.5,23.83721641666665
2026-05-09,0,wk inc rsv hosp,2026-05-09,13,quantile,0.55,25.75889167563176
2026-05-09,0,wk inc rsv hosp,2026-05-09,13,quantile,0.6,30.21549308725397
2026-05-09,0,wk inc rsv hosp,2026-05-09,13,quantile,0.65,35.123864026400014
2026-05-09,0,wk inc rsv hosp,2026-05-09,13,quantile,0.7,45.09272567001903
2026-05-09,0,wk inc rsv hosp,2026-05-09,13,quantile,0.75,60.31860056764444
2026-05-09,0,wk inc rsv hosp,2026-05-09,13,quantile,0.8,68.92090613080002
2026-05-09,0,wk inc rsv hosp,2026-05-09,13,quantile,0.85,69.30941282190354
2026-05-09,0,wk inc rsv hosp,2026-05-09,13,quantile,0.9,83.56170046051426
2026-05-09,0,wk inc rsv hosp,2026-05-09,13,quantile,0.95,117.66881298544774
2026-05-09,0,wk inc rsv hosp,2026-05-09,13,quantile,0.975,163.13739025
2026-05-09,0,wk inc rsv hosp,2026-05-09,13,quantile,0.99,163.13739025
2026-05-09,0,wk inc rsv hosp,2026-05-09,24,quantile,0.01,0.0
2026-05-09,0,wk inc rsv hosp,2026-05-09,24,quantile,0.025,0.0
2026-05-09,0,wk inc rsv hosp,2026-05-09,24,quantile,0.05,0.0
2026-05-09,0,wk inc rsv hosp,2026-05-09,24,quantile,0.1,0.0
2026-05-09,0,wk inc rsv hosp,2026-05-09,24,quantile,0.15,0.0
2026-05-09,0,wk inc rsv hosp,2026-05-09,24,quantile,0.2,0.0
2026-05-09,0,wk inc rsv hosp,2026-05-09,24,quantile,0.25,1.508890753522909
2026-05-09,0,wk inc rsv hosp,2026-05-09,24,quantile,0.3,3.865871759639981
2026-05-09,0,wk inc rsv hosp,2026-05-09,24,quantile,0.35,4.079432230879656
2026-05-09,0,wk inc rsv hosp,2026-05-09,24,quantile,0.4,5.97493478683288
2026-05-09,0,wk inc rsv hosp,2026-05-09,24,quantile,0.45,8.581712741722864
2026-05-09,0,wk inc rsv hosp,2026-05-09,24,quantile,0.5,12.7235782125
2026-05-09,0,wk inc rsv hosp,2026-05-09,24,quantile,0.55,15.296321383277135
2026-05-09,0,wk inc rsv hosp,2026-05-09,24,quantile,0.6,17.90309933816712
2026-05-09,0,wk inc rsv hosp,2026-05-09,24,quantile,0.65,19.798601894120345
2026-05-09,0,wk inc rsv hosp,2026-05-09,24,quantile,0.7,20.01216236536002
2026-05-09,0,wk inc rsv hosp,2026-05-09,24,quantile,0.75,22.36914337147709
2026-05-09,0,wk inc rsv hosp,2026-05-09,24,quantile,0.8,39.44436201805935
2026-05-09,0,wk inc rsv hosp,2026-05-09,24,quantile,0.85,48.882029641442855
2026-05-09,0,wk inc rsv hosp,2026-05-09,24,quantile,0.9,57.964923569747135
2026-05-09,0,wk inc rsv hosp,2026-05-09,24,quantile,0.95,79.04884008916669
2026-05-09,0,wk inc rsv hosp,2026-05-09,24,quantile,0.975,79.04884008916669
2026-05-09,0,wk inc rsv hosp,2026-05-09,24,quantile,0.99,79.04884008916669
2026-05-09,0,wk inc rsv hosp,2026-05-09,26,quantile,0.01,0.0
2026-05-09,0,wk inc rsv hosp,2026-05-09,26,quantile,0.025,0.0
2026-05-09,0,wk inc rsv hosp,2026-05-09,26,quantile,0.05,0.0
2026-05-09,0,wk inc rsv hosp,2026-05-09,26,quantile,0.1,0.0
2026-05-09,0,wk inc rsv hosp,2026-05-09,26,quantile,0.15,0.0
2026-05-09,0,wk inc rsv hosp,2026-05-09,26,quantile,0.2,4.660929810944779
2026-05-09,0,wk inc rsv hosp,2026-05-09,26,quantile,0.25,9.163528806590428
2026-05-09,0,wk inc rsv hosp,2026-05-09,26,quantile,0.3,12.053958182563754
2026-05-09,0,wk inc rsv hosp,2026-05-09,26,quantile,0.35,48.06476915202167
2026-05-09,0,wk inc rsv hosp,2026-05-09,26,quantile,0.4,48.74774712549468
2026-05-09,0,wk inc rsv hosp,2026-05-09,26,quantile,0.45,58.06578486308214
2026-05-09,0,wk inc rsv hosp,2026-05-09,26,quantile,0.5,62.96935851666667
2026-05-09,0,wk inc rsv hosp,2026-05-09,26,quantile,0.55,66.29837013691787
2026-05-09,0,wk inc rsv hosp,2026-05-09,26,quantile,0.6,75.61640787450533
2026-05-09,0,wk inc rsv hosp,2026-05-09,26,quantile,0.65,76.29938584797834
2026-05-09,0,wk inc rsv hosp,2026-05-09,26,quantile,0.7,112.31019681743626
2026-05-09,0,wk inc rsv hosp,2026-05-09,26,quantile,0.75,115.2006261934096
2026-05-09,0,wk inc rsv hosp,2026-05-09,26,quantile,0.8,119.70322518905525
2026-05-09,0,wk inc rsv hosp,2026-05-09,26,quantile,0.85,129.99705618321912
2026-05-09,0,wk inc rsv hosp,2026-05-09,26,quantile,0.9,148.46358727910467
2026-05-09,0,wk inc rsv hosp,2026-05-09,26,quantile,0.95,170.28766948333333
2026-05-09,0,wk inc rsv hosp,2026-05-09,26,quantile,0.975,170.28766948333333
2026-05-09,0,wk inc rsv hosp,2026-05-09,26,quantile,0.99,170.28766948333333
2026-05-09,0,wk inc rsv hosp,2026-05-09,27,quantile,0.01,0.0
2026-05-09,0,wk inc rsv hosp,2026-05-09,27,quantile,0.025,0.0
2026-05-09,0,wk inc rsv hosp,2026-05-09,27,quantile,0.05,0.0
2026-05-09,0,wk inc rsv hosp,2026-05-09,27,quantile,0.1,0.0
2026-05-09,0,wk inc rsv hosp,2026-05-09,27,quantile,0.15,17.375909676935265
2026-05-09,0,wk inc rsv hosp,2026-05-09,27,quantile,0.2,52.64749416746477
2026-05-09,0,wk inc rsv hosp,2026-05-09,27,quantile,0.25,52.733582404768256
2026-05-09,0,wk inc rsv hosp,2026-05-09,27,quantile,0.3,56.84895992846656
2026-05-09,0,wk inc rsv hosp,2026-05-09,27,quantile,0.35,57.5527935923152
2026-05-09,0,wk inc rsv hosp,2026-05-09,27,quantile,0.4,58.5660859721722
2026-05-09,0,wk inc rsv hosp,2026-05-09,27,quantile,0.45,60.68877170344747
2026-05-09,0,wk inc rsv hosp,2026-05-09,27,quantile,0.5,63.17406744233334
2026-05-09,0,wk inc rsv hosp,2026-05-09,27,quantile,0.55,64.27779329655253
2026-05-09,0,wk inc rsv hosp,2026-05-09,27,quantile,0.6,66.4004790278278
2026-05-09,0,wk inc rsv hosp,2026-05-09,27,quantile,0.65,67.4137714076848
2026-05-09,0,wk inc rsv hosp,2026-05-09,27,quantile,0.7,68.11760507153345
2026-05-09,0,wk inc rsv hosp,2026-05-09,27,quantile,0.75,72.23298259523175
2026-05-09,0,wk inc rsv hosp,2026-05-09,27,quantile,0.8,72.31907083253523
2026-05-09,0,wk inc rsv hosp,2026-05-09,27,quantile,0.85,107.59065532306474
2026-05-09,0,wk inc rsv hosp,2026-05-09,27,quantile,0.9,140.7459199423333
2026-05-09,0,wk inc rsv hosp,2026-05-09,27,quantile,0.95,140.7459199423333
2026-05-09,0,wk inc rsv hosp,2026-05-09,27,quantile,0.975,140.7459199423333
2026-05-09,0,wk inc rsv hosp,2026-05-09,27,quantile,0.99,140.7459199423333
2026-05-09,0,wk inc rsv hosp,2026-05-09,35,quantile,0.01,0.0
2026-05-09,0,wk inc rsv hosp,2026-05-09,35,quantile,0.025,0.0
2026-05-09,0,wk inc rsv hosp,2026-05-09,35,quantile,0.05,0.0
2026-05-09,0,wk inc rsv hosp,2026-05-09,35,quantile,0.1,0.0
2026-05-09,0,wk inc rsv hosp,2026-05-09,35,quantile,0.15,0.0
2026-05-09,0,wk inc rsv hosp,2026-05-09,35,quantile,0.2,0.0
2026-05-09,0,wk inc rsv hosp,2026-05-09,35,quantile,0.25,2.878002424441652
2026-05-09,0,wk inc rsv hosp,2026-05-09,35,quantile,0.3,8.633385642258148
2026-05-09,0,wk inc rsv hosp,2026-05-09,35,quantile,0.35,10.829233577309196
2026-05-09,0,wk inc rsv hosp,2026-05-09,35,quantile,0.4,11.785696006305535
2026-05-09,0,wk inc rsv hosp,2026-05-09,35,quantile,0.45,14.05937737952532
2026-05-09,0,wk inc rsv hosp,2026-05-09,35,quantile,0.5,15.757037789500004
2026-05-09,0,wk inc rsv hosp,2026-05-09,35,quantile,0.55,16.870672120474676
2026-05-09,0,wk inc rsv hosp,2026-05-09,35,quantile,0.6,19.144353493694464
2026-05-09,0,wk inc rsv hosp,2026-05-09,35,quantile,0.65,20.100815922690803
2026-05-09,0,wk inc rsv hosp,2026-05-09,35,quantile,0.7,22.29666385774185
2026-05-09,0,wk inc rsv hosp,2026-05-09,35,quantile,0.75,28.05204707555835
2026-05-09,0,wk inc rsv hosp,2026-05-09,35,quantile,0.8,37.64582503579297
2026-05-09,0,wk inc rsv hosp,2026-05-09,35,quantile,0.85,38.05772586233712
2026-05-09,0,wk inc rsv hosp,2026-05-09,35,quantile,0.9,48.21686959909916
2026-05-09,0,wk inc rsv hosp,2026-05-09,35,quantile,0.95,48.75272396666664
2026-05-09,0,wk inc rsv hosp,2026-05-09,35,quantile,0.975,48.75272396666664
2026-05-09,0,wk inc rsv hosp,2026-05-09,35,quantile,0.99,48.75272396666664
2026-05-09,0,wk inc rsv hosp,2026-05-09,36,quantile,0.01,0.0
2026-05-09,0,wk inc rsv hosp,2026-05-09,36,quantile,0.025,0.0
2026-05-09,0,wk inc rsv hosp,2026-05-09,36,quantile,0.05,0.0
2026-05-09,0,wk inc rsv hosp,2026-05-09,36,quantile,0.1,0.0
2026-05-09,0,wk inc rsv hosp,2026-05-09,36,quantile,0.15,0.0
2026-05-09,0,wk inc rsv hosp,2026-05-09,36,quantile,0.2,0.0
2026-05-09,0,wk inc rsv hosp,2026-05-09,36,quantile,0.25,20.54240199566499
2026-05-09,0,wk inc rsv hosp,2026-05-09,36,quantile,0.3,28.34283763088997
2026-05-09,0,wk inc rsv hosp,2026-05-09,36,quantile,0.35,38.18091302260891
2026-05-09,0,wk inc rsv hosp,2026-05-09,36,quantile,0.4,71.23122622184007
2026-05-09,0,wk inc rsv hosp,2026-05-09,36,quantile,0.45,83.68858811141716
2026-05-09,0,wk inc rsv hosp,2026-05-09,36,quantile,0.5,100.6382734
2026-05-09,0,wk inc rsv hosp,2026-05-09,36,quantile,0.55,102.04299688858283
2026-05-09,0,wk inc rsv hosp,2026-05-09,36,quantile,0.6,114.50035877815992
2026-05-09,0,wk inc rsv hosp,2026-05-09,36,quantile,0.65,147.5506719773911
2026-05-09,0,wk inc rsv hosp,2026-05-09,36,quantile,0.7,157.38874736911004
2026-05-09,0,wk inc rsv hosp,2026-05-09,36,quantile,0.75,165.189183004335
2026-05-09,0,wk inc rsv hosp,2026-05-09,36,quantile,0.8,212.69764000140955
2026-05-09,0,wk inc rsv hosp,2026-05-09,36,quantile,0.85,254.8391209935733
2026-05-09,0,wk inc rsv hosp,2026-05-09,36,quantile,0.9,261.72224287156826
2026-05-09,0,wk inc rsv hosp,2026-05-09,36,quantile,0.95,270.43294366666663
2026-05-09,0,wk inc rsv hosp,2026-05-09,36,quantile,0.975,270.43294366666663
2026-05-09,0,wk inc rsv hosp,2026-05-09,36,quantile,0.99,270.43294366666663
2026-05-09,0,wk inc rsv hosp,2026-05-09,41,quantile,0.01,0.0
2026-05-09,0,wk inc rsv hosp,2026-05-09,41,quantile,0.025,0.0
2026-05-09,0,wk inc rsv hosp,2026-05-09,41,quantile,0.05,0.0
2026-05-09,0,wk inc rsv hosp,2026-05-09,41,quantile,0.1,0.0
2026-05-09,0,wk inc rsv hosp,2026-05-09,41,quantile,0.15,0.0
2026-05-09,0,wk inc rsv hosp,2026-05-09,41,quantile,0.2,0.0
2026-05-09,0,wk inc rsv hosp,2026-05-09,41,quantile,0.25,0.0
2026-05-09,0,wk inc rsv hosp,2026-05-09,41,quantile,0.3,4.730321645396494
2026-05-09,0,wk inc rsv hosp,2026-05-09,41,quantile,0.35,5.548123773014283
2026-05-09,0,wk inc rsv hosp,2026-05-09,41,quantile,0.4,10.304883663505644
2026-05-09,0,wk inc rsv hosp,2026-05-09,41,quantile,0.45,12.1400687145652
2026-05-09,0,wk inc rsv hosp,2026-05-09,41,quantile,0.5,14.48482022
2026-05-09,0,wk inc rsv hosp,2026-05-09,41,quantile,0.55,14.9361074354348
2026-05-09,0,wk inc rsv hosp,2026-05-09,41,quantile,0.6,16.771292486494353
2026-05-09,0,wk inc rsv hosp,2026-05-09,41,quantile,0.65,21.52805237698572
2026-05-09,0,wk inc rsv hosp,2026-05-09,41,quantile,0.7,22.345854504603505
2026-05-09,0,wk inc rsv hosp,2026-05-09,41,quantile,0.75,29.374537881314915
2026-05-09,0,wk inc rsv hosp,2026-05-09,41,quantile,0.8,34.251235584752315
2026-05-09,0,wk inc rsv hosp,2026-05-09,41,quantile,0.85,41.760411176712026
2026-05-09,0,wk inc rsv hosp,2026-05-09,41,quantile,0.9,53.63365163560599
2026-05-09,0,wk inc rsv hosp,2026-05-09,41,quantile,0.95,72.89600772176637
2026-05-09,0,wk inc rsv hosp,2026-05-09,41,quantile,0.975,79.61192528999999
2026-05-09,0,wk inc rsv hosp,2026-05-09,41,quantile,0.99,79.61192528999999
2026-05-09,0,wk inc rsv hosp,2026-05-09,47,quantile,0.01,0.0
2026-05-09,0,wk inc rsv hosp,2026-05-09,47,quantile,0.025,0.0
2026-05-09,0,wk inc rsv hosp,2026-05-09,47,quantile,0.05,0.0
2026-05-09,0,wk inc rsv hosp,2026-05-09,47,quantile,0.1,0.0
2026-05-09,0,wk inc rsv hosp,2026-05-09,47,quantile,0.15,7.000267145221351
2026-05-09,0,wk inc rsv hosp,2026-05-09,47,quantile,0.2,23.08550349905733
2026-05-09,0,wk inc rsv hosp,2026-05-09,47,quantile,0.25,23.49242874290476
2026-05-09,0,wk inc rsv hosp,2026-05-09,47,quantile,0.3,31.98668680250277
2026-05-09,0,wk inc rsv hosp,2026-05-09,47,quantile,0.35,35.94166878383329
2026-05-09,0,wk inc rsv hosp,2026-05-09,47,quantile,0.4,38.63546247768444
2026-05-09,0,wk inc rsv hosp,2026-05-09,47,quantile,0.45,44.32583759508447
2026-05-09,0,wk inc rsv hosp,2026-05-09,47,quantile,0.5,51.16976880833334
2026-05-09,0,wk inc rsv hosp,2026-05-09,47,quantile,0.55,54.77303265491554
2026-05-09,0,wk inc rsv hosp,2026-05-09,47,quantile,0.6,60.46340777231557
2026-05-09,0,wk inc rsv hosp,2026-05-09,47,quantile,0.65,63.15720146616671
2026-05-09,0,wk inc rsv hosp,2026-05-09,47,quantile,0.7,67.11218344749723
2026-05-09,0,wk inc rsv hosp,2026-05-09,47,quantile,0.75,75.60644150709524
2026-05-09,0,wk inc rsv hosp,2026-05-09,47,quantile,0.8,76.01336675094268
2026-05-09,0,wk inc rsv hosp,2026-05-09,47,quantile,0.85,92.09860310477865
2026-05-09,0,wk inc rsv hosp,2026-05-09,47,quantile,0.9,117.67863430833332
2026-05-09,0,wk inc rsv hosp,2026-05-09,47,quantile,0.95,117.67863430833332
2026-05-09,0,wk inc rsv hosp,2026-05-09,47,quantile,0.975,117.67863430833332
2026-05-09,0,wk inc rsv hosp,2026-05-09,47,quantile,0.99,117.67863430833332
2026-05-09,0,wk inc rsv hosp,2026-05-09,49,quantile,0.01,0.0
2026-05-09,0,wk inc rsv hosp,2026-05-09,49,quantile,0.025,0.0
2026-05-09,0,wk inc rsv hosp,2026-05-09,49,quantile,0.05,0.0
2026-05-09,0,wk inc rsv hosp,2026-05-09,49,quantile,0.1,0.0
2026-05-09,0,wk inc rsv hosp,2026-05-09,49,quantile,0.15,0.0
2026-05-09,0,wk inc rsv hosp,2026-05-09,49,quantile,0.2,0.0
2026-05-09,0,wk inc rsv hosp,2026-05-09,49,quantile,0.25,0.0
2026-05-09,0,wk inc rsv hosp,2026-05-09,49,quantile,0.3,0.0
2026-05-09,0,wk inc rsv hosp,2026-05-09,49,quantile,0.35,2.62218033968401
2026-05-09,0,wk inc rsv hosp,2026-05-09,49,quantile,0.4,3.893447761085715
2026-05-09,0,wk inc rsv hosp,2026-05-09,49,quantile,0.45,5.659140936020727
2026-05-09,0,wk inc rsv hosp,2026-05-09,49,quantile,0.5,9.61155311875
2026-05-09,0,wk inc rsv hosp,2026-05-09,49,quantile,0.55,11.420836913979272
2026-05-09,0,wk inc rsv hosp,2026-05-09,49,quantile,0.6,13.186530088914283
2026-05-09,0,wk inc rsv hosp,2026-05-09,49,quantile,0.65,14.457797510315988
2026-05-09,0,wk inc rsv hosp,2026-05-09,49,quantile,0.7,22.519224642509844
2026-05-09,0,wk inc rsv hosp,2026-05-09,49,quantile,0.75,22.825548324028578
2026-05-09,0,wk inc rsv hosp,2026-05-09,49,quantile,0.8,35.31767234394013
2026-05-09,0,wk inc rsv hosp,2026-05-09,49,quantile,0.85,37.4474813266135
2026-05-09,0,wk inc rsv hosp,2026-05-09,49,quantile,0.9,46.345105932500005
2026-05-09,0,wk inc rsv hosp,2026-05-09,49,quantile,0.95,46.345105932500005
2026-05-09,0,wk inc rsv hosp,2026-05-09,49,quantile,0.975,46.345105932500005
2026-05-09,0,wk inc rsv hosp,2026-05-09,49,quantile,0.99,46.345105932500005
2026-05-09,0,wk inc rsv hosp,2026-05-09,US,quantile,0.01,0.0
2026-05-09,0,wk inc rsv hosp,2026-05-09,US,quantile,0.025,0.0
2026-05-09,0,wk inc rsv hosp,2026-05-09,US,quantile,0.05,0.0
2026-05-09,0,wk inc rsv hosp,2026-05-09,US,quantile,0.1,306.5766400167622
2026-05-09,0,wk inc rsv hosp,2026-05-09,US,quantile,0.15,405.118398228444
2026-05-09,0,wk inc rsv hosp,2026-05-09,US,quantile,0.2,782.7139377295239
2026-05-09,0,wk inc rsv hosp,2026-05-09,US,quantile,0.25,907.4749938805714
2026-05-09,0,wk inc rsv hosp,2026-05-09,US,quantile,0.3,1203.9993645820182
2026-05-09,0,wk inc rsv hosp,2026-05-09,US,quantile,0.35,1353.9455161093335
2026-05-09,0,wk inc rsv hosp,2026-05-09,US,quantile,0.4,1562.2034341830863
2026-05-09,0,wk inc rsv hosp,2026-05-09,US,quantile,0.45,1581.063903428903
2026-05-09,0,wk inc rsv hosp,2026-05-09,US,quantile,0.5,1782.980169
2026-05-09,0,wk inc rsv hosp,2026-05-09,US,quantile,0.55,1797.3932465710973
2026-05-09,0,wk inc rsv hosp,2026-05-09,US,quantile,0.6,1816.2537158169137
2026-05-09,0,wk inc rsv hosp,2026-05-09,US,quantile,0.65,2024.5116338906664
2026-05-09,0,wk inc rsv hosp,2026-05-09,US,quantile,0.7,2174.457785417982
2026-05-09,0,wk inc rsv hosp,2026-05-09,US,quantile,0.75,2470.9821561194285
2026-05-09,0,wk inc rsv hosp,2026-05-09,US,quantile,0.8,2595.7432122704763
2026-05-09,0,wk inc rsv hosp,2026-05-09,US,quantile,0.85,2973.3387517715564
2026-05-09,0,wk inc rsv hosp,2026-05-09,US,quantile,0.9,3071.880509983238
2026-05-09,0,wk inc rsv hosp,2026-05-09,US,quantile,0.95,3754.220119000001
2026-05-09,0,wk inc rsv hosp,2026-05-09,US,quantile,0.975,3754.220119000001
2026-05-09,0,wk inc rsv hosp,2026-05-09,US,quantile,0.99,3754.220119000001
2026-05-09,1,wk inc rsv hosp,2026-05-16,06,quantile,0.01,0.0
2026-05-09,1,wk inc rsv hosp,2026-05-16,06,quantile,0.025,0.0
2026-05-09,1,wk inc rsv hosp,2026-05-16,06,quantile,0.05,0.0
2026-05-09,1,wk inc rsv hosp,2026-05-16,06,quantile,0.1,0.0
2026-05-09,1,wk inc rsv hosp,2026-05-16,06,quantile,0.15,0.0
2026-05-09,1,wk inc rsv hosp,2026-05-16,06,quantile,0.2,0.0
2026-05-09,1,wk inc rsv hosp,2026-05-16,06,quantile,0.25,20.02955051166668
2026-05-09,1,wk inc rsv hosp,2026-05-16,06,quantile,0.3,33.36870137218336
2026-05-09,1,wk inc rsv hosp,2026-05-16,06,quantile,0.35,39.32531535193497
2026-05-09,1,wk inc rsv hosp,2026-05-16,06,quantile,0.4,47.79777900635016
2026-05-09,1,wk inc rsv hosp,2026-05-16,06,quantile,0.45,58.32138397900402
2026-05-09,1,wk inc rsv hosp,2026-05-16,06,quantile,0.5,73.68085227499998
2026-05-09,1,wk inc rsv hosp,2026-05-16,06,quantile,0.55,81.77517027099597
2026-05-09,1,wk inc rsv hosp,2026-05-16,06,quantile,0.6,92.29877524364984
2026-05-09,1,wk inc rsv hosp,2026-05-16,06,quantile,0.65,100.77123889806504
2026-05-09,1,wk inc rsv hosp,2026-05-16,06,quantile,0.7,106.72785287781664
2026-05-09,1,wk inc rsv hosp,2026-05-16,06,quantile,0.75,120.06700373833333
2026-05-09,1,wk inc rsv hosp,2026-05-16,06,quantile,0.8,147.98692948246662
2026-05-09,1,wk inc rsv hosp,2026-05-16,06,quantile,0.85,185.32271304638004
2026-05-09,1,wk inc rsv hosp,2026-05-16,06,quantile,0.9,186.75671039900004
2026-05-09,1,wk inc rsv hosp,2026-05-16,06,quantile,0.95,250.0003606948
2026-05-09,1,wk inc rsv hosp,2026-05-16,06,quantile,0.975,262.376604625
2026-05-09,1,wk inc rsv hosp,2026-05-16,06,quantile,0.99,262.376604625
2026-05-09,1,wk inc rsv hosp,2026-05-16,08,quantile,0.01,0.0
2026-05-09,1,wk inc rsv hosp,2026-05-16,08,quantile,0.025,0.0
2026-05-09,1,wk inc rsv hosp,2026-05-16,08,quantile,0.05,0.0
2026-05-09,1,wk inc rsv hosp,2026-05-16,08,quantile,0.1,0.0
2026-05-09,1,wk inc rsv hosp,2026-05-16,08,quantile,0.15,0.0
2026-05-09,1,wk inc rsv hosp,2026-05-16,08,quantile,0.2,0.0
2026-05-09,1,wk inc rsv hosp,2026-05-16,08,quantile,0.25,0.0
2026-05-09,1,wk inc rsv hosp,2026-05-16,08,quantile,0.3,0.0
2026-05-09,1,wk inc rsv hosp,2026-05-16,08,quantile,0.35,6.0724119702667
2026-05-09,1,wk inc rsv hosp,2026-05-16,08,quantile,0.4,30.011360571822213
2026-05-09,1,wk inc rsv hosp,2026-05-16,08,quantile,0.45,37.45818416638663
2026-05-09,1,wk inc rsv hosp,2026-05-16,08,quantile,0.5,43.72681568750001
2026-05-09,1,wk inc rsv hosp,2026-05-16,08,quantile,0.55,46.898796583613375
2026-05-09,1,wk inc rsv hosp,2026-05-16,08,quantile,0.6,54.3456201781778
2026-05-09,1,wk inc rsv hosp,2026-05-16,08,quantile,0.65,78.2845687797333
2026-05-09,1,wk inc rsv hosp,2026-05-16,08,quantile,0.7,89.51367947769609
2026-05-09,1,wk inc rsv hosp,2026-05-16,08,quantile,0.75,97.58469236541684
2026-05-09,1,wk inc rsv hosp,2026-05-16,08,quantile,0.8,124.20023831704998
2026-05-09,1,wk inc rsv hosp,2026-05-16,08,quantile,0.85,139.1241110245
2026-05-09,1,wk inc rsv hosp,2026-05-16,08,quantile,0.9,161.85626254030004
2026-05-09,1,wk inc rsv hosp,2026-05-16,08,quantile,0.95,176.4984206875
2026-05-09,1,wk inc rsv hosp,2026-05-16,08,quantile,0.975,176.4984206875
2026-05-09,1,wk inc rsv hosp,2026-05-16,08,quantile,0.99,176.4984206875
2026-05-09,1,wk inc rsv hosp,2026-05-16,09,quantile,0.01,0.0
2026-05-09,1,wk inc rsv hosp,2026-05-16,09,quantile,0.025,0.0
2026-05-09,1,wk inc rsv hosp,2026-05-16,09,quantile,0.05,0.0
2026-05-09,1,wk inc rsv hosp,2026-05-16,09,quantile,0.1,0.0
2026-05-09,1,wk inc rsv hosp,2026-05-16,09,quantile,0.15,0.0
2026-05-09,1,wk inc rsv hosp,2026-05-16,09,quantile,0.2,3.717307861700009
2026-05-09,1,wk inc rsv hosp,2026-05-16,09,quantile,0.25,7.8327380998333425
2026-05-09,1,wk inc rsv hosp,2026-05-16,09,quantile,0.3,9.99774902041334
2026-05-09,1,wk inc rsv hosp,2026-05-16,09,quantile,0.35,11.191787967739977
2026-05-09,1,wk inc rsv hosp,2026-05-16,09,quantile,0.4,12.92228258096667
2026-05-09,1,wk inc rsv hosp,2026-05-16,09,quantile,0.45,17.103959232112054
2026-05-09,1,wk inc rsv hosp,2026-05-16,09,quantile,0.5,19.11174700499999
2026-05-09,1,wk inc rsv hosp,2026-05-16,09,quantile,0.55,20.788235517887948
2026-05-09,1,wk inc rsv hosp,2026-05-16,09,quantile,0.6,24.96991216903333
2026-05-09,1,wk inc rsv hosp,2026-05-16,09,quantile,0.65,26.700406782260025
2026-05-09,1,wk inc rsv hosp,2026-05-16,09,quantile,0.7,27.894445729586664
2026-05-09,1,wk inc rsv hosp,2026-05-16,09,quantile,0.75,30.05945665016666
2026-05-09,1,wk inc rsv hosp,2026-05-16,09,quantile,0.8,34.174886888299994
2026-05-09,1,wk inc rsv hosp,2026-05-16,09,quantile,0.85,45.363013343098615
2026-05-09,1,wk inc rsv hosp,2026-05-16,09,quantile,0.9,51.26811309263999
2026-05-09,1,wk inc rsv hosp,2026-05-16,09,quantile,0.95,55.302061025
2026-05-09,1,wk inc rsv hosp,2026-05-16,09,quantile,0.975,55.302061025
2026-05-09,1,wk inc rsv hosp,2026-05-16,09,quantile,0.99,55.302061025
2026-05-09,1,wk inc rsv hosp,2026-05-16,13,quantile,0.01,0.0
2026-05-09,1,wk inc rsv hosp,2026-05-16,13,quantile,0.025,0.0
2026-05-09,1,wk inc rsv hosp,2026-05-16,13,quantile,0.05,0.0
2026-05-09,1,wk inc rsv hosp,2026-05-16,13,quantile,0.1,0.0
2026-05-09,1,wk inc rsv hosp,2026-05-16,13,quantile,0.15,0.0
2026-05-09,1,wk inc rsv hosp,2026-05-16,13,quantile,0.2,0.0
2026-05-09,1,wk inc rsv hosp,2026-05-16,13,quantile,0.25,0.0
2026-05-09,1,wk inc rsv hosp,2026-05-16,13,quantile,0.3,0.0
2026-05-09,1,wk inc rsv hosp,2026-05-16,13,quantile,0.35,5.149330836593327
2026-05-09,1,wk inc rsv hosp,2026-05-16,13,quantile,0.4,12.589145008333366
2026-05-09,1,wk inc rsv hosp,2026-05-16,13,quantile,0.45,13.678896800866724
2026-05-09,1,wk inc rsv hosp,2026-05-16,13,quantile,0.5,23.42164306666668
2026-05-09,1,wk inc rsv hosp,2026-05-16,13,quantile,0.55,26.18255444913328
2026-05-09,1,wk inc rsv hosp,2026-05-16,13,quantile,0.6,27.272306241666637
2026-05-09,1,wk inc rsv hosp,2026-05-16,13,quantile,0.65,34.71212041340667
2026-05-09,1,wk inc rsv hosp,2026-05-16,13,quantile,0.7,51.46565121100004
2026-05-09,1,wk inc rsv hosp,2026-05-16,13,quantile,0.75,56.66771478249999
2026-05-09,1,wk inc rsv hosp,2026-05-16,13,quantile,0.8,95.56701488
2026-05-09,1,wk inc rsv hosp,2026-05-16,13,quantile,0.85,98.12994027019997
2026-05-09,1,wk inc rsv hosp,2026-05-16,13,quantile,0.9,140.0733045816667
2026-05-09,1,wk inc rsv hosp,2026-05-16,13,quantile,0.95,180.36541725246656
2026-05-09,1,wk inc rsv hosp,2026-05-16,13,quantile,0.975,230.54811779166675
2026-05-09,1,wk inc rsv hosp,2026-05-16,13,quantile,0.99,230.54811779166675
2026-05-09,1,wk inc rsv hosp,2026-05-16,24,quantile,0.01,0.0
2026-05-09,1,wk inc rsv hosp,2026-05-16,24,quantile,0.025,0.0
2026-05-09,1,wk inc rsv hosp,2026-05-16,24,quantile,0.05,0.0
2026-05-09,1,wk inc rsv hosp,2026-05-16,24,quantile,0.1,0.0
2026-05-09,1,wk inc rsv hosp,2026-05-16,24,quantile,0.15,0.0
2026-05-09,1,wk inc rsv hosp,2026-05-16,24,quantile,0.2,0.0
2026-05-09,1,wk inc rsv hosp,2026-05-16,24,quantile,0.25,0.0
2026-05-09,1,wk inc rsv hosp,2026-05-16,24,quantile,0.3,0.0
2026-05-09,1,wk inc rsv hosp,2026-05-16,24,quantile,0.35,0.0
2026-05-09,1,wk inc rsv hosp,2026-05-16,24,quantile,0.4,0.0
2026-05-09,1,wk inc rsv hosp,2026-05-16,24,quantile,0.45,0.030471283775018
2026-05-09,1,wk inc rsv hosp,2026-05-16,24,quantile,0.5,19.23629866625
2026-05-09,1,wk inc rsv hosp,2026-05-16,24,quantile,0.55,22.704034766224986
2026-05-09,1,wk inc rsv hosp,2026-05-16,24,quantile,0.6,26.046457636811205
2026-05-09,1,wk inc rsv hosp,2026-05-16,24,quantile,0.65,28.72366784689168
2026-05-09,1,wk inc rsv hosp,2026-05-16,24,quantile,0.7,32.35315245254665
2026-05-09,1,wk inc rsv hosp,2026-05-16,24,quantile,0.75,50.53384930548003
2026-05-09,1,wk inc rsv hosp,2026-05-16,24,quantile,0.8,50.92517608356
2026-05-09,1,wk inc rsv hosp,2026-05-16,24,quantile,0.85,57.96601945938001
2026-05-09,1,wk inc rsv hosp,2026-05-16,24,quantile,0.9,77.75598016369604
2026-05-09,1,wk inc rsv hosp,2026-05-16,24,quantile,0.95,84.41577807882996
2026-05-09,1,wk inc rsv hosp,2026-05-16,24,quantile,0.975,91.28699815
2026-05-09,1,wk inc rsv hosp,2026-05-16,24,quantile,0.99,91.28699815
2026-05-09,1,wk inc rsv hosp,2026-05-16,26,quantile,0.01,0.0
2026-05-09,1,wk inc rsv hosp,2026-05-16,26,quantile,0.025,0.0
2026-05-09,1,wk inc rsv hosp,2026-05-16,26,quantile,0.05,0.0
2026-05-09,1,wk inc rsv hosp,2026-05-16,26,quantile,0.1,0.0
2026-05-09,1,wk inc rsv hosp,2026-05-16,26,quantile,0.15,0.0
2026-05-09,1,wk inc rsv hosp,2026-05-16,26,quantile,0.2,0.0
2026-05-09,1,wk inc rsv hosp,2026-05-16,26,quantile,0.25,0.0
2026-05-09,1,wk inc rsv hosp,2026-05-16,26,quantile,0.3,9.93712385768776
2026-05-09,1,wk inc rsv hosp,2026-05-16,26,quantile,0.35,29.61808127106997
2026-05-09,1,wk inc rsv hosp,2026-05-16,26,quantile,0.4,36.00758235932464
2026-05-09,1,wk inc rsv hosp,2026-05-16,26,quantile,0.45,47.25302683454001
2026-05-09,1,wk inc rsv hosp,2026-05-16,26,quantile,0.5,49.84602026249998
2026-05-09,1,wk inc rsv hosp,2026-05-16,26,quantile,0.55,50.86308191545999
2026-05-09,1,wk inc rsv hosp,2026-05-16,26,quantile,0.6,62.10852639067536
2026-05-09,1,wk inc rsv hosp,2026-05-16,26,quantile,0.65,68.49802747893003
2026-05-09,1,wk inc rsv hosp,2026-05-16,26,quantile,0.7,88.17898489231223
2026-05-09,1,wk inc rsv hosp,2026-05-16,26,quantile,0.75,105.78794289286672
2026-05-09,1,wk inc rsv hosp,2026-05-16,26,quantile,0.8,106.41914386359925
2026-05-09,1,wk inc rsv hosp,2026-05-16,26,quantile,0.85,140.34633313849997
2026-05-09,1,wk inc rsv hosp,2026-05-16,26,quantile,0.9,144.60609176166668
2026-05-09,1,wk inc rsv hosp,2026-05-16,26,quantile,0.95,144.60609176166668
2026-05-09,1,wk inc rsv hosp,2026-05-16,26,quantile,0.975,144.60609176166668
2026-05-09,1,wk inc rsv hosp,2026-05-16,26,quantile,0.99,144.60609176166668
2026-05-09,1,wk inc rsv hosp,2026-05-16,27,quantile,0.01,0.0
2026-05-09,1,wk inc rsv hosp,2026-05-16,27,quantile,0.025,0.0
2026-05-09,1,wk inc rsv hosp,2026-05-16,27,quantile,0.05,0.0
2026-05-09,1,wk inc rsv hosp,2026-05-16,27,quantile,0.1,0.0
2026-05-09,1,wk inc rsv hosp,2026-05-16,27,quantile,0.15,0.0
2026-05-09,1,wk inc rsv hosp,2026-05-16,27,quantile,0.2,0.0
2026-05-09,1,wk inc rsv hosp,2026-05-16,27,quantile,0.25,0.0
2026-05-09,1,wk inc rsv hosp,2026-05-16,27,quantile,0.3,41.23545727964
2026-05-09,1,wk inc rsv hosp,2026-05-16,27,quantile,0.35,46.36058738989332
2026-05-09,1,wk inc rsv hosp,2026-05-16,27,quantile,0.4,48.58311930008835
2026-05-09,1,wk inc rsv hosp,2026-05-16,27,quantile,0.45,48.668971018873314
2026-05-09,1,wk inc rsv hosp,2026-05-16,27,quantile,0.5,62.22469770000001
2026-05-09,1,wk inc rsv hosp,2026-05-16,27,quantile,0.55,75.2108277311267
2026-05-09,1,wk inc rsv hosp,2026-05-16,27,quantile,0.6,75.29667944991165
2026-05-09,1,wk inc rsv hosp,2026-05-16,27,quantile,0.65,77.5192113601067
2026-05-09,1,wk inc rsv hosp,2026-05-16,27,quantile,0.7,82.64434147036
2026-05-09,1,wk inc rsv hosp,2026-05-16,27,quantile,0.75,130.70903509500133
2026-05-09,1,wk inc rsv hosp,2026-05-16,27,quantile,0.8,132.34560685463532
2026-05-09,1,wk inc rsv hosp,2026-05-16,27,quantile,0.85,133.8763747
2026-05-09,1,wk inc rsv hosp,2026-05-16,27,quantile,0.9,133.8763747
2026-05-09,1,wk inc rsv hosp,2026-05-16,27,quantile,0.95,133.8763747
2026-05-09,1,wk inc rsv hosp,2026-05-16,27,quantile,0.975,133.8763747
2026-05-09,1,wk inc rsv hosp,2026-05-16,27,quantile,0.99,133.8763747
2026-05-09,1,wk inc rsv hosp,2026-05-16,35,quantile,0.01,0.0
2026-05-09,1,wk inc rsv hosp,2026-05-16,35,quantile,0.025,0.0
2026-05-09,1,wk inc rsv hosp,2026-05-16,35,quantile,0.05,0.0
2026-05-09,1,wk inc rsv hosp,2026-05-16,35,quantile,0.1,0.0
2026-05-09,1,wk inc rsv hosp,2026-05-16,35,quantile,0.15,0.0
2026-05-09,1,wk inc rsv hosp,2026-05-16,35,quantile,0.2,0.0
2026-05-09,1,wk inc rsv hosp,2026-05-16,35,quantile,0.25,0.0
2026-05-09,1,wk inc rsv hosp,2026-05-16,35,quantile,0.3,0.0
2026-05-09,1,wk inc rsv hosp,2026-05-16,35,quantile,0.35,0.0
2026-05-09,1,wk inc rsv hosp,2026-05-16,35,quantile,0.4,10.587406745917324
2026-05-09,1,wk inc rsv hosp,2026-05-16,35,quantile,0.45,10.656159799069323
2026-05-09,1,wk inc rsv hosp,2026-05-16,35,quantile,0.5,13.6279713325
2026-05-09,1,wk inc rsv hosp,2026-05-16,35,quantile,0.55,16.132104700930675
2026-05-09,1,wk inc rsv hosp,2026-05-16,35,quantile,0.6,16.200857754082676
2026-05-09,1,wk inc rsv hosp,2026-05-16,35,quantile,0.65,28.167333433884657
2026-05-09,1,wk inc rsv hosp,2026-05-16,35,quantile,0.7,35.670278075408994
2026-05-09,1,wk inc rsv hosp,2026-05-16,35,quantile,0.75,37.08259739947201
2026-05-09,1,wk inc rsv hosp,2026-05-16,35,quantile,0.8,38.54562471771
2026-05-09,1,wk inc rsv hosp,2026-05-16,35,quantile,0.85,46.85417745570497
2026-05-09,1,wk inc rsv hosp,2026-05-16,35,quantile,0.9,61.412414075776326
2026-05-09,1,wk inc rsv hosp,2026-05-16,35,quantile,0.95,78.74878883256997
2026-05-09,1,wk inc rsv hosp,2026-05-16,35,quantile,0.975,79.49848975900001
2026-05-09,1,wk inc rsv hosp,2026-05-16,35,quantile,0.99,79.49848975900001
2026-05-09,1,wk inc rsv hosp,2026-05-16,36,quantile,0.01,0.0
2026-05-09,1,wk inc rsv hosp,2026-05-16,36,quantile,0.025,0.0
2026-05-09,1,wk inc rsv hosp,2026-05-16,36,quantile,0.05,0.0
2026-05-09,1,wk inc rsv hosp,2026-05-16,36,quantile,0.1,0.0
2026-05-09,1,wk inc rsv hosp,2026-05-16,36,quantile,0.15,0.0
2026-05-09,1,wk inc rsv hosp,2026-05-16,36,quantile,0.2,0.0
2026-05-09,1,wk inc rsv hosp,2026-05-16,36,quantile,0.25,0.0
2026-05-09,1,wk inc rsv hosp,2026-05-16,36,quantile,0.3,0.0
2026-05-09,1,wk inc rsv hosp,2026-05-16,36,quantile,0.35,0.0
2026-05-09,1,wk inc rsv hosp,2026-05-16,36,quantile,0.4,0.0
2026-05-09,1,wk inc rsv hosp,2026-05-16,36,quantile,0.45,6.15922182326652
2026-05-09,1,wk inc rsv hosp,2026-05-16,36,quantile,0.5,65.24030937499992
2026-05-09,1,wk inc rsv hosp,2026-05-16,36,quantile,0.55,122.17092442673346
2026-05-09,1,wk inc rsv hosp,2026-05-16,36,quantile,0.6,134.01019366527822
2026-05-09,1,wk inc rsv hosp,2026-05-16,36,quantile,0.65,199.77595632235003
2026-05-09,1,wk inc rsv hosp,2026-05-16,36,quantile,0.7,202.118308177942
2026-05-09,1,wk inc rsv hosp,2026-05-16,36,quantile,0.75,228.01729672164
2026-05-09,1,wk inc rsv hosp,2026-05-16,36,quantile,0.8,233.696806696
2026-05-09,1,wk inc rsv hosp,2026-05-16,36,quantile,0.85,241.963793442
2026-05-09,1,wk inc rsv hosp,2026-05-16,36,quantile,0.9,284.5012950786001
2026-05-09,1,wk inc rsv hosp,2026-05-16,36,quantile,0.95,305.92303095833336
2026-05-09,1,wk inc rsv hosp,2026-05-16,36,quantile,0.975,305.92303095833336
2026-05-09,1,wk inc rsv hosp,2026-05-16,36,quantile,0.99,305.92303095833336
2026-05-09,1,wk inc rsv hosp,2026-05-16,41,quantile,0.01,0.0
2026-05-09,1,wk inc rsv hosp,2026-05-16,41,quantile,0.025,0.0
2026-05-09,1,wk inc rsv hosp,2026-05-16,41,quantile,0.05,0.0
2026-05-09,1,wk inc rsv hosp,2026-05-16,41,quantile,0.1,0.0
2026-05-09,1,wk inc rsv hosp,2026-05-16,41,quantile,0.15,0.0
2026-05-09,1,wk inc rsv hosp,2026-05-16,41,quantile,0.2,0.0
2026-05-09,1,wk inc rsv hosp,2026-05-16,41,quantile,0.25,4.751857259757749
2026-05-09,1,wk inc rsv hosp,2026-05-16,41,quantile,0.3,6.115341549418806
2026-05-09,1,wk inc rsv hosp,2026-05-16,41,quantile,0.35,7.086656007965003
2026-05-09,1,wk inc rsv hosp,2026-05-16,41,quantile,0.4,8.18109823873598
2026-05-09,1,wk inc rsv hosp,2026-05-16,41,quantile,0.45,11.233887209358333
2026-05-09,1,wk inc rsv hosp,2026-05-16,41,quantile,0.5,12.257957595
2026-05-09,1,wk inc rsv hosp,2026-05-16,41,quantile,0.55,12.949272915641668
2026-05-09,1,wk inc rsv hosp,2026-05-16,41,quantile,0.6,16.00206188626402
2026-05-09,1,wk inc rsv hosp,2026-05-16,41,quantile,0.65,17.096504117034996
2026-05-09,1,wk inc rsv hosp,2026-05-16,41,quantile,0.7,18.067818575581192
2026-05-09,1,wk inc rsv hosp,2026-05-16,41,quantile,0.75,19.43130286524225
2026-05-09,1,wk inc rsv hosp,2026-05-16,41,quantile,0.8,25.57184491699696
2026-05-09,1,wk inc rsv hosp,2026-05-16,41,quantile,0.85,72.56837610303334
2026-05-09,1,wk inc rsv hosp,2026-05-16,41,quantile,0.9,72.85115287588533
2026-05-09,1,wk inc rsv hosp,2026-05-16,41,quantile,0.95,84.13424768155838
2026-05-09,1,wk inc rsv hosp,2026-05-16,41,quantile,0.975,110.24215584333336
2026-05-09,1,wk inc rsv hosp,2026-05-16,41,quantile,0.99,110.24215584333336
2026-05-09,1,wk inc rsv hosp,2026-05-16,47,quantile,0.01,0.0
2026-05-09,1,wk inc rsv hosp,2026-05-16,47,quantile,0.025,0.0
2026-05-09,1,wk inc rsv hosp,2026-05-16,47,quantile,0.05,0.0
2026-05-09,1,wk inc rsv hosp,2026-05-16,47,quantile,0.1,0.0
2026-05-09,1,wk inc rsv hosp,2026-05-16,47,quantile,0.15,0.0
2026-05-09,1,wk inc rsv hosp,2026-05-16,47,quantile,0.2,22.01636830660884
2026-05-09,1,wk inc rsv hosp,2026-05-16,47,quantile,0.25,28.033528088298773
2026-05-09,1,wk inc rsv hosp,2026-05-16,47,quantile,0.3,31.357662914491623
2026-05-09,1,wk inc rsv hosp,2026-05-16,47,quantile,0.35,37.64499967603332
2026-05-09,1,wk inc rsv hosp,2026-05-16,47,quantile,0.4,43.83132291680005
2026-05-09,1,wk inc rsv hosp,2026-05-16,47,quantile,0.45,50.68190208366173
2026-05-09,1,wk inc rsv hosp,2026-05-16,47,quantile,0.5,56.29092695833332
2026-05-09,1,wk inc rsv hosp,2026-05-16,47,quantile,0.55,59.14004441633828
2026-05-09,1,wk inc rsv hosp,2026-05-16,47,quantile,0.6,65.99062358319996
2026-05-09,1,wk inc rsv hosp,2026-05-16,47,quantile,0.65,72.17694682396669
2026-05-09,1,wk inc rsv hosp,2026-05-16,47,quantile,0.7,78.46428358550838
2026-05-09,1,wk inc rsv hosp,2026-05-16,47,quantile,0.75,81.78841841170123
2026-05-09,1,wk inc rsv hosp,2026-05-16,47,quantile,0.8,87.80557819339117
2026-05-09,1,wk inc rsv hosp,2026-05-16,47,quantile,0.85,117.57052897190668
2026-05-09,1,wk inc rsv hosp,2026-05-16,47,quantile,0.9,145.5242305905328
2026-05-09,1,wk inc rsv hosp,2026-05-16,47,quantile,0.95,154.35036706518127
2026-05-09,1,wk inc rsv hosp,2026-05-16,47,quantile,0.975,164.59749149833337
2026-05-09,1,wk inc rsv hosp,2026-05-16,47,quantile,0.99,164.59749149833337
2026-05-09,1,wk inc rsv hosp,2026-05-16,49,quantile,0.01,0.0
2026-05-09,1,wk inc rsv hosp,2026-05-16,49,quantile,0.025,0.0
2026-05-09,1,wk inc rsv hosp,2026-05-16,49,quantile,0.05,0.0
2026-05-09,1,wk inc rsv hosp,2026-05-16,49,quantile,0.1,0.0
2026-05-09,1,wk inc rsv hosp,2026-05-16,49,quantile,0.15,0.0
2026-05-09,1,wk inc rsv hosp,2026-05-16,49,quantile,0.2,0.0
2026-05-09,1,wk inc rsv hosp,2026-05-16,49,quantile,0.25,0.0
2026-05-09,1,wk inc rsv hosp,2026-05-16,49,quantile,0.3,0.0
2026-05-09,1,wk inc rsv hosp,2026-05-16,49,quantile,0.35,0.0
2026-05-09,1,wk inc rsv hosp,2026-05-16,49,quantile,0.4,3.782669308340519
2026-05-09,1,wk inc rsv hosp,2026-05-16,49,quantile,0.45,6.149735141834325
2026-05-09,1,wk inc rsv hosp,2026-05-16,49,quantile,0.5,8.684386566666664
2026-05-09,1,wk inc rsv hosp,2026-05-16,49,quantile,0.55,10.468644558165671
2026-05-09,1,wk inc rsv hosp,2026-05-16,49,quantile,0.6,12.83571039165948
2026-05-09,1,wk inc rsv hosp,2026-05-16,49,quantile,0.65,20.390591475152533
2026-05-09,1,wk inc rsv hosp,2026-05-16,49,quantile,0.7,22.206222616758417
2026-05-09,1,wk inc rsv hosp,2026-05-16,49,quantile,0.75,33.49613788219623
2026-05-09,1,wk inc rsv hosp,2026-05-16,49,quantile,0.8,35.724218401118335
2026-05-09,1,wk inc rsv hosp,2026-05-16,49,quantile,0.85,53.506751191666666
2026-05-09,1,wk inc rsv hosp,2026-05-16,49,quantile,0.9,53.506751191666666
2026-05-09,1,wk inc rsv hosp,2026-05-16,49,quantile,0.95,53.506751191666666
2026-05-09,1,wk inc rsv hosp,2026-05-16,49,quantile,0.975,53.506751191666666
2026-05-09,1,wk inc rsv hosp,2026-05-16,49,quantile,0.99,53.506751191666666
2026-05-09,1,wk inc rsv hosp,2026-05-16,US,quantile,0.01,0.0
2026-05-09,1,wk inc rsv hosp,2026-05-16,US,quantile,0.025,0.0
2026-05-09,1,wk inc rsv hosp,2026-05-16,US,quantile,0.05,0.0
2026-05-09,1,wk inc rsv hosp,2026-05-16,US,quantile,0.1,0.0
2026-05-09,1,wk inc rsv hosp,2026-05-16,US,quantile,0.15,0.0
2026-05-09,1,wk inc rsv hosp,2026-05-16,US,quantile,0.2,0.0
2026-05-09,1,wk inc rsv hosp,2026-05-16,US,quantile,0.25,0.0
2026-05-09,1,wk inc rsv hosp,2026-05-16,US,quantile,0.3,845.0652359660006
2026-05-09,1,wk inc rsv hosp,2026-05-16,US,quantile,0.35,871.6934988012345
2026-05-09,1,wk inc rsv hosp,2026-05-16,US,quantile,0.4,1099.0447873662015
2026-05-09,1,wk inc rsv hosp,2026-05-16,US,quantile,0.45,1447.9040295416676
2026-05-09,1,wk inc rsv hosp,2026-05-16,US,quantile,0.5,1701.5329885
2026-05-09,1,wk inc rsv hosp,2026-05-16,US,quantile,0.55,1760.8155954583326
2026-05-09,1,wk inc rsv hosp,2026-05-16,US,quantile,0.6,2109.6748376337987
2026-05-09,1,wk inc rsv hosp,2026-05-16,US,quantile,0.65,2337.0261261987657
2026-05-09,1,wk inc rsv hosp,2026-05-16,US,quantile,0.7,2363.6543890339995
2026-05-09,1,wk inc rsv hosp,2026-05-16,US,quantile,0.75,3483.280276622451
2026-05-09,1,wk inc rsv hosp,2026-05-16,US,quantile,0.8,3664.25770396645
2026-05-09,1,wk inc rsv hosp,2026-05-16,US,quantile,0.85,3735.431874131733
2026-05-09,1,wk inc rsv hosp,2026-05-16,US,quantile,0.9,3837.3635969566662
2026-05-09,1,wk inc rsv hosp,2026-05-16,US,quantile,0.95,4193.338362483464
2026-05-09,1,wk inc rsv hosp,2026-05-16,US,quantile,0.975,4473.032821111666
2026-05-09,1,wk inc rsv hosp,2026-05-16,US,quantile,0.99,4503.302784166666
2026-05-09,2,wk inc rsv hosp,2026-05-23,06,quantile,0.01,0.0
2026-05-09,2,wk inc rsv hosp,2026-05-23,06,quantile,0.025,0.0
2026-05-09,2,wk inc rsv hosp,2026-05-23,06,quantile,0.05,0.0
2026-05-09,2,wk inc rsv hosp,2026-05-23,06,quantile,0.1,0.0
2026-05-09,2,wk inc rsv hosp,2026-05-23,06,quantile,0.15,0.0
2026-05-09,2,wk inc rsv hosp,2026-05-23,06,quantile,0.2,0.0
2026-05-09,2,wk inc rsv hosp,2026-05-23,06,quantile,0.25,0.0
2026-05-09,2,wk inc rsv hosp,2026-05-23,06,quantile,0.3,14.929801298792462
2026-05-09,2,wk inc rsv hosp,2026-05-23,06,quantile,0.35,21.757110881036446
2026-05-09,2,wk inc rsv hosp,2026-05-23,06,quantile,0.4,35.12960955489346
2026-05-09,2,wk inc rsv hosp,2026-05-23,06,quantile,0.45,43.365706177290015
2026-05-09,2,wk inc rsv hosp,2026-05-23,06,quantile,0.5,64.87284297499997
2026-05-09,2,wk inc rsv hosp,2026-05-23,06,quantile,0.55,86.03880457270998
2026-05-09,2,wk inc rsv hosp,2026-05-23,06,quantile,0.6,94.27490119510652
2026-05-09,2,wk inc rsv hosp,2026-05-23,06,quantile,0.65,107.64739986896352
2026-05-09,2,wk inc rsv hosp,2026-05-23,06,quantile,0.7,114.47470945120752
2026-05-09,2,wk inc rsv hosp,2026-05-23,06,quantile,0.75,136.67608349301486
2026-05-09,2,wk inc rsv hosp,2026-05-23,06,quantile,0.8,148.8517025701645
2026-05-09,2,wk inc rsv hosp,2026-05-23,06,quantile,0.85,192.96743563775527
2026-05-09,2,wk inc rsv hosp,2026-05-23,06,quantile,0.9,255.0538531428845
2026-05-09,2,wk inc rsv hosp,2026-05-23,06,quantile,0.95,317.3609323583334
2026-05-09,2,wk inc rsv hosp,2026-05-23,06,quantile,0.975,317.3609323583334
2026-05-09,2,wk inc rsv hosp,2026-05-23,06,quantile,0.99,317.3609323583334
2026-05-09,2,wk inc rsv hosp,2026-05-23,08,quantile,0.01,0.0
2026-05-09,2,wk inc rsv hosp,2026-05-23,08,quantile,0.025,0.0
2026-05-09,2,wk inc rsv hosp,2026-05-23,08,quantile,0.05,0.0
2026-05-09,2,wk inc rsv hosp,2026-05-23,08,quantile,0.1,0.0
2026-05-09,2,wk inc rsv hosp,2026-05-23,08,quantile,0.15,0.0
2026-05-09,2,wk inc rsv hosp,2026-05-23,08,quantile,0.2,0.0
2026-05-09,2,wk inc rsv hosp,2026-05-23,08,quantile,0.25,0.0
2026-05-09,2,wk inc rsv hosp,2026-05-23,08,quantile,0.3,26.344280673707264
2026-05-09,2,wk inc rsv hosp,2026-05-23,08,quantile,0.35,28.534760115382213
2026-05-09,2,wk inc rsv hosp,2026-05-23,08,quantile,0.4,28.5485697386178
2026-05-09,2,wk inc rsv hosp,2026-05-23,08,quantile,0.45,43.67234408017037
2026-05-09,2,wk inc rsv hosp,2026-05-23,08,quantile,0.5,44.61463771166669
2026-05-09,2,wk inc rsv hosp,2026-05-23,08,quantile,0.55,45.16252216982964
2026-05-09,2,wk inc rsv hosp,2026-05-23,08,quantile,0.6,60.28629651138221
2026-05-09,2,wk inc rsv hosp,2026-05-23,08,quantile,0.65,60.30010613461779
2026-05-09,2,wk inc rsv hosp,2026-05-23,08,quantile,0.7,62.49058557629274
2026-05-09,2,wk inc rsv hosp,2026-05-23,08,quantile,0.75,165.2357319836911
2026-05-09,2,wk inc rsv hosp,2026-05-23,08,quantile,0.8,166.33003032592222
2026-05-09,2,wk inc rsv hosp,2026-05-23,08,quantile,0.85,170.1103336899933
2026-05-09,2,wk inc rsv hosp,2026-05-23,08,quantile,0.9,174.32278612943333
2026-05-09,2,wk inc rsv hosp,2026-05-23,08,quantile,0.95,210.8202975251928
2026-05-09,2,wk inc rsv hosp,2026-05-23,08,quantile,0.975,218.7352845416667
2026-05-09,2,wk inc rsv hosp,2026-05-23,08,quantile,0.99,218.7352845416667
2026-05-09,2,wk inc rsv hosp,2026-05-23,09,quantile,0.01,0.0
2026-05-09,2,wk inc rsv hosp,2026-05-23,09,quantile,0.025,0.0
2026-05-09,2,wk inc rsv hosp,2026-05-23,09,quantile,0.05,0.0
2026-05-09,2,wk inc rsv hosp,2026-05-23,09,quantile,0.1,0.0
2026-05-09,2,wk inc rsv hosp,2026-05-23,09,quantile,0.15,0.0
2026-05-09,2,wk inc rsv hosp,2026-05-23,09,quantile,0.2,0.0
2026-05-09,2,wk inc rsv hosp,2026-05-23,09,quantile,0.25,0.0
2026-05-09,2,wk inc rsv hosp,2026-05-23,09,quantile,0.3,0.0
2026-05-09,2,wk inc rsv hosp,2026-05-23,09,quantile,0.35,0.5563772830160012
2026-05-09,2,wk inc rsv hosp,2026-05-23,09,quantile,0.4,1.6785758017229837
2026-05-09,2,wk inc rsv hosp,2026-05-23,09,quantile,0.45,6.09518074241474
2026-05-09,2,wk inc rsv hosp,2026-05-23,09,quantile,0.5,18.19742584
2026-05-09,2,wk inc rsv hosp,2026-05-23,09,quantile,0.55,27.65708150758526
2026-05-09,2,wk inc rsv hosp,2026-05-23,09,quantile,0.6,32.073686448277016
2026-05-09,2,wk inc rsv hosp,2026-05-23,09,quantile,0.65,33.195884966984
2026-05-09,2,wk inc rsv hosp,2026-05-23,09,quantile,0.7,37.10864200204679
2026-05-09,2,wk inc rsv hosp,2026-05-23,09,quantile,0.75,42.73668921132071
2026-05-09,2,wk inc rsv hosp,2026-05-23,09,quantile,0.8,49.61251833338745
2026-05-09,2,wk inc rsv hosp,2026-05-23,09,quantile,0.85,61.80459437080041
2026-05-09,2,wk inc rsv hosp,2026-05-23,09,quantile,0.9,63.8387477725
2026-05-09,2,wk inc rsv hosp,2026-05-23,09,quantile,0.95,63.8387477725
2026-05-09,2,wk inc rsv hosp,2026-05-23,09,quantile,0.975,63.8387477725
2026-05-09,2,wk inc rsv hosp,2026-05-23,09,quantile,0.99,63.8387477725
2026-05-09,2,wk inc rsv hosp,2026-05-23,13,quantile,0.01,0.0
2026-05-09,2,wk inc rsv hosp,2026-05-23,13,quantile,0.025,0.0
2026-05-09,2,wk inc rsv hosp,2026-05-23,13,quantile,0.05,0.0
2026-05-09,2,wk inc rsv hosp,2026-05-23,13,quantile,0.1,0.0
2026-05-09,2,wk inc rsv hosp,2026-05-23,13,quantile,0.15,0.0
2026-05-09,2,wk inc rsv hosp,2026-05-23,13,quantile,0.2,0.0
2026-05-09,2,wk inc rsv hosp,2026-05-23,13,quantile,0.25,0.0
2026-05-09,2,wk inc rsv hosp,2026-05-23,13,quantile,0.3,0.0
2026-05-09,2,wk inc rsv hosp,2026-05-23,13,quantile,0.35,0.0
2026-05-09,2,wk inc rsv hosp,2026-05-23,13,quantile,0.4,0.0
2026-05-09,2,wk inc rsv hosp,2026-05-23,13,quantile,0.45,8.400067248474013
2026-05-09,2,wk inc rsv hosp,2026-05-23,13,quantile,0.5,17.438882064999994
2026-05-09,2,wk inc rsv hosp,2026-05-23,13,quantile,0.55,19.791550666525985
2026-05-09,2,wk inc rsv hosp,2026-05-23,13,quantile,0.6,33.37384533825563
2026-05-09,2,wk inc rsv hosp,2026-05-23,13,quantile,0.65,61.587485624344566
2026-05-09,2,wk inc rsv hosp,2026-05-23,13,quantile,0.7,110.14550818198887
2026-05-09,2,wk inc rsv hosp,2026-05-23,13,quantile,0.75,125.19066046469996
2026-05-09,2,wk inc rsv hosp,2026-05-23,13,quantile,0.8,159.20009812025555
2026-05-09,2,wk inc rsv hosp,2026-05-23,13,quantile,0.85,164.7216459080778
2026-05-09,2,wk inc rsv hosp,2026-05-23,13,quantile,0.9,169.9927649463
2026-05-09,2,wk inc rsv hosp,2026-05-23,13,quantile,0.95,264.2205426741666
2026-05-09,2,wk inc rsv hosp,2026-05-23,13,quantile,0.975,264.2205426741666
2026-05-09,2,wk inc rsv hosp,2026-05-23,13,quantile,0.99,264.2205426741666
2026-05-09,2,wk inc rsv hosp,2026-05-23,24,quantile,0.01,0.0
2026-05-09,2,wk inc rsv hosp,2026-05-23,24,quantile,0.025,0.0
2026-05-09,2,wk inc rsv hosp,2026-05-23,24,quantile,0.05,0.0
2026-05-09,2,wk inc rsv hosp,2026-05-23,24,quantile,0.1,0.0
2026-05-09,2,wk inc rsv hosp,2026-05-23,24,quantile,0.15,0.0
2026-05-09,2,wk inc rsv hosp,2026-05-23,24,quantile,0.2,0.0
2026-05-09,2,wk inc rsv hosp,2026-05-23,24,quantile,0.25,0.0
2026-05-09,2,wk inc rsv hosp,2026-05-23,24,quantile,0.3,0.0
2026-05-09,2,wk inc rsv hosp,2026-05-23,24,quantile,0.35,0.0
2026-05-09,2,wk inc rsv hosp,2026-05-23,24,quantile,0.4,0.0
2026-05-09,2,wk inc rsv hosp,2026-05-23,24,quantile,0.45,6.620206694999995
2026-05-09,2,wk inc rsv hosp,2026-05-23,24,quantile,0.5,20.137789205000004
2026-05-09,2,wk inc rsv hosp,2026-05-23,24,quantile,0.55,20.137789205000004
2026-05-09,2,wk inc rsv hosp,2026-05-23,24,quantile,0.6,29.11302241509569
2026-05-09,2,wk inc rsv hosp,2026-05-23,24,quantile,0.65,37.779101688462056
2026-05-09,2,wk inc rsv hosp,2026-05-23,24,quantile,0.7,39.10330846536433
2026-05-09,2,wk inc rsv hosp,2026-05-23,24,quantile,0.75,42.1548525696963
2026-05-09,2,wk inc rsv hosp,2026-05-23,24,quantile,0.8,49.14301284659778
2026-05-09,2,wk inc rsv hosp,2026-05-23,24,quantile,0.85,75.58402237297068
2026-05-09,2,wk inc rsv hosp,2026-05-23,24,quantile,0.9,97.145785965
2026-05-09,2,wk inc rsv hosp,2026-05-23,24,quantile,0.95,97.145785965
2026-05-09,2,wk inc rsv hosp,2026-05-23,24,quantile,0.975,97.145785965
2026-05-09,2,wk inc rsv hosp,2026-05-23,24,quantile,0.99,97.145785965
2026-05-09,2,wk inc rsv hosp,2026-05-23,26,quantile,0.01,0.0
2026-05-09,2,wk inc rsv hosp,2026-05-23,26,quantile,0.025,0.0
2026-05-09,2,wk inc rsv hosp,2026-05-23,26,quantile,0.05,0.0
2026-05-09,2,wk inc rsv hosp,2026-05-23,26,quantile,0.1,0.0
2026-05-09,2,wk inc rsv hosp,2026-05-23,26,quantile,0.15,0.0
2026-05-09,2,wk inc rsv hosp,2026-05-23,26,quantile,0.2,0.0
2026-05-09,2,wk inc rsv hosp,2026-05-23,26,quantile,0.25,0.0
2026-05-09,2,wk inc rsv hosp,2026-05-23,26,quantile,0.3,0.7233410573622052
2026-05-09,2,wk inc rsv hosp,2026-05-23,26,quantile,0.35,14.147625914557942
2026-05-09,2,wk inc rsv hosp,2026-05-23,26,quantile,0.4,23.708172048037035
2026-05-09,2,wk inc rsv hosp,2026-05-23,26,quantile,0.45,26.501195853141677
2026-05-09,2,wk inc rsv hosp,2026-05-23,26,quantile,0.5,37.9657086
2026-05-09,2,wk inc rsv hosp,2026-05-23,26,quantile,0.55,48.52352589685832
2026-05-09,2,wk inc rsv hosp,2026-05-23,26,quantile,0.6,51.31654970196296
2026-05-09,2,wk inc rsv hosp,2026-05-23,26,quantile,0.65,60.877095835442056
2026-05-09,2,wk inc rsv hosp,2026-05-23,26,quantile,0.7,74.30138069263779
2026-05-09,2,wk inc rsv hosp,2026-05-23,26,quantile,0.75,89.96361463664445
2026-05-09,2,wk inc rsv hosp,2026-05-23,26,quantile,0.8,136.80411015857328
2026-05-09,2,wk inc rsv hosp,2026-05-23,26,quantile,0.85,181.7690936399867
2026-05-09,2,wk inc rsv hosp,2026-05-23,26,quantile,0.9,186.06083600432328
2026-05-09,2,wk inc rsv hosp,2026-05-23,26,quantile,0.95,186.6200829983333
2026-05-09,2,wk inc rsv hosp,2026-05-23,26,quantile,0.975,186.6200829983333
2026-05-09,2,wk inc rsv hosp,2026-05-23,26,quantile,0.99,186.6200829983333
2026-05-09,2,wk inc rsv hosp,2026-05-23,27,quantile,0.01,0.0
2026-05-09,2,wk inc rsv hosp,2026-05-23,27,quantile,0.025,0.0
2026-05-09,2,wk inc rsv hosp,2026-05-23,27,quantile,0.05,0.0
2026-05-09,2,wk inc rsv hosp,2026-05-23,27,quantile,0.1,0.0
2026-05-09,2,wk inc rsv hosp,2026-05-23,27,quantile,0.15,0.0
2026-05-09,2,wk inc rsv hosp,2026-05-23,27,quantile,0.2,0.0
2026-05-09,2,wk inc rsv hosp,2026-05-23,27,quantile,0.25,0.0
2026-05-09,2,wk inc rsv hosp,2026-05-23,27,quantile,0.3,1.352441933577765
2026-05-09,2,wk inc rsv hosp,2026-05-23,27,quantile,0.35,41.88258369704401
2026-05-09,2,wk inc rsv hosp,2026-05-23,27,quantile,0.4,50.13362924142666
2026-05-09,2,wk inc rsv hosp,2026-05-23,27,quantile,0.45,52.93729155249981
2026-05-09,2,wk inc rsv hosp,2026-05-23,27,quantile,0.5,71.594234575
2026-05-09,2,wk inc rsv hosp,2026-05-23,27,quantile,0.55,79.98695769750019
2026-05-09,2,wk inc rsv hosp,2026-05-23,27,quantile,0.6,82.79062000857334
2026-05-09,2,wk inc rsv hosp,2026-05-23,27,quantile,0.65,91.041665552956
2026-05-09,2,wk inc rsv hosp,2026-05-23,27,quantile,0.7,131.57180731642222
2026-05-09,2,wk inc rsv hosp,2026-05-23,27,quantile,0.75,137.1195890930356
2026-05-09,2,wk inc rsv hosp,2026-05-23,27,quantile,0.8,138.07798084617338
2026-05-09,2,wk inc rsv hosp,2026-05-23,27,quantile,0.85,140.67932989040443
2026-05-09,2,wk inc rsv hosp,2026-05-23,27,quantile,0.9,189.9901780075
2026-05-09,2,wk inc rsv hosp,2026-05-23,27,quantile,0.95,189.9901780075
2026-05-09,2,wk inc rsv hosp,2026-05-23,27,quantile,0.975,189.9901780075
2026-05-09,2,wk inc rsv hosp,2026-05-23,27,quantile,0.99,189.9901780075
2026-05-09,2,wk inc rsv hosp,2026-05-23,35,quantile,0.01,0.0
2026-05-09,2,wk inc rsv hosp,2026-05-23,35,quantile,0.025,0.0
2026-05-09,2,wk inc rsv hosp,2026-05-23,35,quantile,0.05,0.0
2026-05-09,2,wk inc rsv hosp,2026-05-23,35,quantile,0.1,0.0
2026-05-09,2,wk inc rsv hosp,2026-05-23,35,quantile,0.15,0.0
2026-05-09,2,wk inc rsv hosp,2026-05-23,35,quantile,0.2,0.0
2026-05-09,2,wk inc rsv hosp,2026-05-23,35,quantile,0.25,0.0
2026-05-09,2,wk inc rsv hosp,2026-05-23,35,quantile,0.3,0.0
2026-05-09,2,wk inc rsv hosp,2026-05-23,35,quantile,0.35,0.0
2026-05-09,2,wk inc rsv hosp,2026-05-23,35,quantile,0.4,0.0
2026-05-09,2,wk inc rsv hosp,2026-05-23,35,quantile,0.45,11.629966531254224
2026-05-09,2,wk inc rsv hosp,2026-05-23,35,quantile,0.5,13.313296069999996
2026-05-09,2,wk inc rsv hosp,2026-05-23,35,quantile,0.55,14.352638218745776
2026-05-09,2,wk inc rsv hosp,2026-05-23,35,quantile,0.6,28.576231402716065
2026-05-09,2,wk inc rsv hosp,2026-05-23,35,quantile,0.65,35.936669526434684
2026-05-09,2,wk inc rsv hosp,2026-05-23,35,quantile,0.7,36.459478403608045
2026-05-09,2,wk inc rsv hosp,2026-05-23,35,quantile,0.75,42.52406137881864
2026-05-09,2,wk inc rsv hosp,2026-05-23,35,quantile,0.8,62.948048546525925
2026-05-09,2,wk inc rsv hosp,2026-05-23,35,quantile,0.85,62.97608043921926
2026-05-09,2,wk inc rsv hosp,2026-05-23,35,quantile,0.9,64.73722970644889
2026-05-09,2,wk inc rsv hosp,2026-05-23,35,quantile,0.95,67.44763972250223
2026-05-09,2,wk inc rsv hosp,2026-05-23,35,quantile,0.975,71.014196075
2026-05-09,2,wk inc rsv hosp,2026-05-23,35,quantile,0.99,71.014196075
2026-05-09,2,wk inc rsv hosp,2026-05-23,36,quantile,0.01,0.0
2026-05-09,2,wk inc rsv hosp,2026-05-23,36,quantile,0.025,0.0
2026-05-09,2,wk inc rsv hosp,2026-05-23,36,quantile,0.05,0.0
2026-05-09,2,wk inc rsv hosp,2026-05-23,36,quantile,0.1,0.0
2026-05-09,2,wk inc rsv hosp,2026-05-23,36,quantile,0.15,0.0
2026-05-09,2,wk inc rsv hosp,2026-05-23,36,quantile,0.2,0.0
2026-05-09,2,wk inc rsv hosp,2026-05-23,36,quantile,0.25,0.0
2026-05-09,2,wk inc rsv hosp,2026-05-23,36,quantile,0.3,0.0
2026-05-09,2,wk inc rsv hosp,2026-05-23,36,quantile,0.35,0.0
2026-05-09,2,wk inc rsv hosp,2026-05-23,36,quantile,0.4,0.0
2026-05-09,2,wk inc rsv hosp,2026-05-23,36,quantile,0.45,30.64061945477497
2026-05-09,2,wk inc rsv hosp,2026-05-23,36,quantile,0.5,54.48554157500006
2026-05-09,2,wk inc rsv hosp,2026-05-23,36,quantile,0.55,64.46259129522502
2026-05-09,2,wk inc rsv hosp,2026-05-23,36,quantile,0.6,127.1179124055776
2026-05-09,2,wk inc rsv hosp,2026-05-23,36,quantile,0.65,154.5833596228841
2026-05-09,2,wk inc rsv hosp,2026-05-23,36,quantile,0.7,193.5599483086178
2026-05-09,2,wk inc rsv hosp,2026-05-23,36,quantile,0.75,237.76765957146668
2026-05-09,2,wk inc rsv hosp,2026-05-23,36,quantile,0.8,239.88796980938668
2026-05-09,2,wk inc rsv hosp,2026-05-23,36,quantile,0.85,242.00222397109928
2026-05-09,2,wk inc rsv hosp,2026-05-23,36,quantile,0.9,412.9917169786594
2026-05-09,2,wk inc rsv hosp,2026-05-23,36,quantile,0.95,451.97511908562217
2026-05-09,2,wk inc rsv hosp,2026-05-23,36,quantile,0.975,461.120097625
2026-05-09,2,wk inc rsv hosp,2026-05-23,36,quantile,0.99,461.120097625
2026-05-09,2,wk inc rsv hosp,2026-05-23,41,quantile,0.01,0.0
2026-05-09,2,wk inc rsv hosp,2026-05-23,41,quantile,0.025,0.0
2026-05-09,2,wk inc rsv hosp,2026-05-23,41,quantile,0.05,0.0
2026-05-09,2,wk inc rsv hosp,2026-05-23,41,quantile,0.1,0.0
2026-05-09,2,wk inc rsv hosp,2026-05-23,41,quantile,0.15,0.0
2026-05-09,2,wk inc rsv hosp,2026-05-23,41,quantile,0.2,0.0
2026-05-09,2,wk inc rsv hosp,2026-05-23,41,quantile,0.25,0.0
2026-05-09,2,wk inc rsv hosp,2026-05-23,41,quantile,0.3,0.0
2026-05-09,2,wk inc rsv hosp,2026-05-23,41,quantile,0.35,6.634533141910649
2026-05-09,2,wk inc rsv hosp,2026-05-23,41,quantile,0.4,7.549267088454088
2026-05-09,2,wk inc rsv hosp,2026-05-23,41,quantile,0.45,10.461613942736218
2026-05-09,2,wk inc rsv hosp,2026-05-23,41,quantile,0.5,12.6144475845
2026-05-09,2,wk inc rsv hosp,2026-05-23,41,quantile,0.55,13.99977723226378
2026-05-09,2,wk inc rsv hosp,2026-05-23,41,quantile,0.6,16.912124086545912
2026-05-09,2,wk inc rsv hosp,2026-05-23,41,quantile,0.65,17.82685803308935
2026-05-09,2,wk inc rsv hosp,2026-05-23,41,quantile,0.7,53.04269197772411
2026-05-09,2,wk inc rsv hosp,2026-05-23,41,quantile,0.75,65.64630669588927
2026-05-09,2,wk inc rsv hosp,2026-05-23,41,quantile,0.8,67.31040606241115
2026-05-09,2,wk inc rsv hosp,2026-05-23,41,quantile,0.85,78.44281927291239
2026-05-09,2,wk inc rsv hosp,2026-05-23,41,quantile,0.9,80.94192614548518
2026-05-09,2,wk inc rsv hosp,2026-05-23,41,quantile,0.95,126.3370853375
2026-05-09,2,wk inc rsv hosp,2026-05-23,41,quantile,0.975,126.3370853375
2026-05-09,2,wk inc rsv hosp,2026-05-23,41,quantile,0.99,126.3370853375
2026-05-09,2,wk inc rsv hosp,2026-05-23,47,quantile,0.01,0.0
2026-05-09,2,wk inc rsv hosp,2026-05-23,47,quantile,0.025,0.0
2026-05-09,2,wk inc rsv hosp,2026-05-23,47,quantile,0.05,0.0
2026-05-09,2,wk inc rsv hosp,2026-05-23,47,quantile,0.1,0.0
2026-05-09,2,wk inc rsv hosp,2026-05-23,47,quantile,0.15,0.0
2026-05-09,2,wk inc rsv hosp,2026-05-23,47,quantile,0.2,0.0
2026-05-09,2,wk inc rsv hosp,2026-05-23,47,quantile,0.25,0.0
2026-05-09,2,wk inc rsv hosp,2026-05-23,47,quantile,0.3,23.393124463161183
2026-05-09,2,wk inc rsv hosp,2026-05-23,47,quantile,0.35,33.811551372432355
2026-05-09,2,wk inc rsv hosp,2026-05-23,47,quantile,0.4,41.51093776691613
2026-05-09,2,wk inc rsv hosp,2026-05-23,47,quantile,0.45,49.33447914673658
2026-05-09,2,wk inc rsv hosp,2026-05-23,47,quantile,0.5,60.354161592500006
2026-05-09,2,wk inc rsv hosp,2026-05-23,47,quantile,0.55,64.99364135326343
2026-05-09,2,wk inc rsv hosp,2026-05-23,47,quantile,0.6,72.81718273308388
2026-05-09,2,wk inc rsv hosp,2026-05-23,47,quantile,0.65,80.51656912756766
2026-05-09,2,wk inc rsv hosp,2026-05-23,47,quantile,0.7,90.93499603683884
2026-05-09,2,wk inc rsv hosp,2026-05-23,47,quantile,0.75,124.26688427080002
2026-05-09,2,wk inc rsv hosp,2026-05-23,47,quantile,0.8,125.03791880808002
2026-05-09,2,wk inc rsv hosp,2026-05-23,47,quantile,0.85,127.93570153446449
2026-05-09,2,wk inc rsv hosp,2026-05-23,47,quantile,0.9,137.21062156572
2026-05-09,2,wk inc rsv hosp,2026-05-23,47,quantile,0.95,220.6754799833333
2026-05-09,2,wk inc rsv hosp,2026-05-23,47,quantile,0.975,220.6754799833333
2026-05-09,2,wk inc rsv hosp,2026-05-23,47,quantile,0.99,220.6754799833333
2026-05-09,2,wk inc rsv hosp,2026-05-23,49,quantile,0.01,0.0
2026-05-09,2,wk inc rsv hosp,2026-05-23,49,quantile,0.025,0.0
2026-05-09,2,wk inc rsv hosp,2026-05-23,49,quantile,0.05,0.0
2026-05-09,2,wk inc rsv hosp,2026-05-23,49,quantile,0.1,0.0
2026-05-09,2,wk inc rsv hosp,2026-05-23,49,quantile,0.15,0.0
2026-05-09,2,wk inc rsv hosp,2026-05-23,49,quantile,0.2,0.0
2026-05-09,2,wk inc rsv hosp,2026-05-23,49,quantile,0.25,0.0
2026-05-09,2,wk inc rsv hosp,2026-05-23,49,quantile,0.3,0.0
2026-05-09,2,wk inc rsv hosp,2026-05-23,49,quantile,0.35,0.0
2026-05-09,2,wk inc rsv hosp,2026-05-23,49,quantile,0.4,0.0
2026-05-09,2,wk inc rsv hosp,2026-05-23,49,quantile,0.45,0.0
2026-05-09,2,wk inc rsv hosp,2026-05-23,49,quantile,0.5,14.1107197625
2026-05-09,2,wk inc rsv hosp,2026-05-23,49,quantile,0.55,20.817536629998067
2026-05-09,2,wk inc rsv hosp,2026-05-23,49,quantile,0.6,20.9094352977954
2026-05-09,2,wk inc rsv hosp,2026-05-23,49,quantile,0.65,34.359336823817344
2026-05-09,2,wk inc rsv hosp,2026-05-23,49,quantile,0.7,36.60445602027598
2026-05-09,2,wk inc rsv hosp,2026-05-23,49,quantile,0.75,61.73787540223631
2026-05-09,2,wk inc rsv hosp,2026-05-23,49,quantile,0.8,65.66521819209999
2026-05-09,2,wk inc rsv hosp,2026-05-23,49,quantile,0.85,69.30870726250001
2026-05-09,2,wk inc rsv hosp,2026-05-23,49,quantile,0.9,69.30870726250001
2026-05-09,2,wk inc rsv hosp,2026-05-23,49,quantile,0.95,69.30870726250001
2026-05-09,2,wk inc rsv hosp,2026-05-23,49,quantile,0.975,69.30870726250001
2026-05-09,2,wk inc rsv hosp,2026-05-23,49,quantile,0.99,69.30870726250001
2026-05-09,2,wk inc rsv hosp,2026-05-23,US,quantile,0.01,0.0
2026-05-09,2,wk inc rsv hosp,2026-05-23,US,quantile,0.025,0.0
2026-05-09,2,wk inc rsv hosp,2026-05-23,US,quantile,0.05,0.0
2026-05-09,2,wk inc rsv hosp,2026-05-23,US,quantile,0.1,0.0
2026-05-09,2,wk inc rsv hosp,2026-05-23,US,quantile,0.15,0.0
2026-05-09,2,wk inc rsv hosp,2026-05-23,US,quantile,0.2,0.0
2026-05-09,2,wk inc rsv hosp,2026-05-23,US,quantile,0.25,345.5528903548152
2026-05-09,2,wk inc rsv hosp,2026-05-23,US,quantile,0.3,634.716022088681
2026-05-09,2,wk inc rsv hosp,2026-05-23,US,quantile,0.35,1007.4163617679978
2026-05-09,2,wk inc rsv hosp,2026-05-23,US,quantile,0.4,1227.4581928933446
2026-05-09,2,wk inc rsv hosp,2026-05-23,US,quantile,0.45,1363.320988573591
2026-05-09,2,wk inc rsv hosp,2026-05-23,US,quantile,0.5,1969.2354235
2026-05-09,2,wk inc rsv hosp,2026-05-23,US,quantile,0.55,2048.464786426409
2026-05-09,2,wk inc rsv hosp,2026-05-23,US,quantile,0.6,2184.327582106655
2026-05-09,2,wk inc rsv hosp,2026-05-23,US,quantile,0.65,2404.369413232002
2026-05-09,2,wk inc rsv hosp,2026-05-23,US,quantile,0.7,2777.0697529113186
2026-05-09,2,wk inc rsv hosp,2026-05-23,US,quantile,0.75,3066.2328846451846
2026-05-09,2,wk inc rsv hosp,2026-05-23,US,quantile,0.8,4353.049748642696
2026-05-09,2,wk inc rsv hosp,2026-05-23,US,quantile,0.85,5041.666317233629
2026-05-09,2,wk inc rsv hosp,2026-05-23,US,quantile,0.9,5076.231770428296
2026-05-09,2,wk inc rsv hosp,2026-05-23,US,quantile,0.95,5476.808307500001
2026-05-09,2,wk inc rsv hosp,2026-05-23,US,quantile,0.975,5476.808307500001
2026-05-09,2,wk inc rsv hosp,2026-05-23,US,quantile,0.99,5476.808307500001
2026-05-09,3,wk inc rsv hosp,2026-05-30,06,quantile,0.01,0.0
2026-05-09,3,wk inc rsv hosp,2026-05-30,06,quantile,0.025,0.0
2026-05-09,3,wk inc rsv hosp,2026-05-30,06,quantile,0.05,0.0
2026-05-09,3,wk inc rsv hosp,2026-05-30,06,quantile,0.1,0.0
2026-05-09,3,wk inc rsv hosp,2026-05-30,06,quantile,0.15,0.0
2026-05-09,3,wk inc rsv hosp,2026-05-30,06,quantile,0.2,0.0
2026-05-09,3,wk inc rsv hosp,2026-05-30,06,quantile,0.25,0.0
2026-05-09,3,wk inc rsv hosp,2026-05-30,06,quantile,0.3,8.389787176169335
2026-05-09,3,wk inc rsv hosp,2026-05-30,06,quantile,0.35,10.278695472058176
2026-05-09,3,wk inc rsv hosp,2026-05-30,06,quantile,0.4,56.99508419505802
2026-05-09,3,wk inc rsv hosp,2026-05-30,06,quantile,0.45,58.38581471184266
2026-05-09,3,wk inc rsv hosp,2026-05-30,06,quantile,0.5,71.09380106666663
2026-05-09,3,wk inc rsv hosp,2026-05-30,06,quantile,0.55,74.38098228815734
2026-05-09,3,wk inc rsv hosp,2026-05-30,06,quantile,0.6,75.77171280494198
2026-05-09,3,wk inc rsv hosp,2026-05-30,06,quantile,0.65,122.48810152794182
2026-05-09,3,wk inc rsv hosp,2026-05-30,06,quantile,0.7,124.37700982383066
2026-05-09,3,wk inc rsv hosp,2026-05-30,06,quantile,0.75,150.94043922848334
2026-05-09,3,wk inc rsv hosp,2026-05-30,06,quantile,0.8,158.52888799837675
2026-05-09,3,wk inc rsv hosp,2026-05-30,06,quantile,0.85,300.5249382026933
2026-05-09,3,wk inc rsv hosp,2026-05-30,06,quantile,0.9,312.33046943667
2026-05-09,3,wk inc rsv hosp,2026-05-30,06,quantile,0.95,386.1394504
2026-05-09,3,wk inc rsv hosp,2026-05-30,06,quantile,0.975,386.1394504
2026-05-09,3,wk inc rsv hosp,2026-05-30,06,quantile,0.99,386.1394504
2026-05-09,3,wk inc rsv hosp,2026-05-30,08,quantile,0.01,0.0
2026-05-09,3,wk inc rsv hosp,2026-05-30,08,quantile,0.025,0.0
2026-05-09,3,wk inc rsv hosp,2026-05-30,08,quantile,0.05,0.0
2026-05-09,3,wk inc rsv hosp,2026-05-30,08,quantile,0.1,0.0
2026-05-09,3,wk inc rsv hosp,2026-05-30,08,quantile,0.15,0.0
2026-05-09,3,wk inc rsv hosp,2026-05-30,08,quantile,0.2,0.0
2026-05-09,3,wk inc rsv hosp,2026-05-30,08,quantile,0.25,0.0
2026-05-09,3,wk inc rsv hosp,2026-05-30,08,quantile,0.3,0.0
2026-05-09,3,wk inc rsv hosp,2026-05-30,08,quantile,0.35,23.856848782359133
2026-05-09,3,wk inc rsv hosp,2026-05-30,08,quantile,0.4,29.936489717036004
2026-05-09,3,wk inc rsv hosp,2026-05-30,08,quantile,0.45,32.92120895224034
2026-05-09,3,wk inc rsv hosp,2026-05-30,08,quantile,0.5,45.78836839166669
2026-05-09,3,wk inc rsv hosp,2026-05-30,08,quantile,0.55,56.41261729775966
2026-05-09,3,wk inc rsv hosp,2026-05-30,08,quantile,0.6,59.397336532964
2026-05-09,3,wk inc rsv hosp,2026-05-30,08,quantile,0.65,65.47697746764086
2026-05-09,3,wk inc rsv hosp,2026-05-30,08,quantile,0.7,131.55483038130697
2026-05-09,3,wk inc rsv hosp,2026-05-30,08,quantile,0.75,145.18350104388347
2026-05-09,3,wk inc rsv hosp,2026-05-30,08,quantile,0.8,234.6572243975216
2026-05-09,3,wk inc rsv hosp,2026-05-30,08,quantile,0.85,261.553891728515
2026-05-09,3,wk inc rsv hosp,2026-05-30,08,quantile,0.9,280.25095905
2026-05-09,3,wk inc rsv hosp,2026-05-30,08,quantile,0.95,280.25095905
2026-05-09,3,wk inc rsv hosp,2026-05-30,08,quantile,0.975,280.25095905
2026-05-09,3,wk inc rsv hosp,2026-05-30,08,quantile,0.99,280.25095905
2026-05-09,3,wk inc rsv hosp,2026-05-30,09,quantile,0.01,0.0
2026-05-09,3,wk inc rsv hosp,2026-05-30,09,quantile,0.025,0.0
2026-05-09,3,wk inc rsv hosp,2026-05-30,09,quantile,0.05,0.0
2026-05-09,3,wk inc rsv hosp,2026-05-30,09,quantile,0.1,0.0
2026-05-09,3,wk inc rsv hosp,2026-05-30,09,quantile,0.15,0.0
2026-05-09,3,wk inc rsv hosp,2026-05-30,09,quantile,0.2,0.0
2026-05-09,3,wk inc rsv hosp,2026-05-30,09,quantile,0.25,0.0
2026-05-09,3,wk inc rsv hosp,2026-05-30,09,quantile,0.3,0.0
2026-05-09,3,wk inc rsv hosp,2026-05-30,09,quantile,0.35,0.0
2026-05-09,3,wk inc rsv hosp,2026-05-30,09,quantile,0.4,3.690052337073976
2026-05-09,3,wk inc rsv hosp,2026-05-30,09,quantile,0.45,7.292830268712718
2026-05-09,3,wk inc rsv hosp,2026-05-30,09,quantile,0.5,21.57493799666667
2026-05-09,3,wk inc rsv hosp,2026-05-30,09,quantile,0.55,24.517879331287283
2026-05-09,3,wk inc rsv hosp,2026-05-30,09,quantile,0.6,28.120657262926024
2026-05-09,3,wk inc rsv hosp,2026-05-30,09,quantile,0.65,36.67303979293001
2026-05-09,3,wk inc rsv hosp,2026-05-30,09,quantile,0.7,48.77706016602
2026-05-09,3,wk inc rsv hosp,2026-05-30,09,quantile,0.75,53.794463681884295
2026-05-09,3,wk inc rsv hosp,2026-05-30,09,quantile,0.8,66.999162562115
2026-05-09,3,wk inc rsv hosp,2026-05-30,09,quantile,0.85,77.31654436373103
2026-05-09,3,wk inc rsv hosp,2026-05-30,09,quantile,0.9,79.34560755000001
2026-05-09,3,wk inc rsv hosp,2026-05-30,09,quantile,0.95,79.34560755000001
2026-05-09,3,wk inc rsv hosp,2026-05-30,09,quantile,0.975,79.34560755000001
2026-05-09,3,wk inc rsv hosp,2026-05-30,09,quantile,0.99,79.34560755000001
2026-05-09,3,wk inc rsv hosp,2026-05-30,13,quantile,0.01,0.0
2026-05-09,3,wk inc rsv hosp,2026-05-30,13,quantile,0.025,0.0
2026-05-09,3,wk inc rsv hosp,2026-05-30,13,quantile,0.05,0.0
2026-05-09,3,wk inc rsv hosp,2026-05-30,13,quantile,0.1,0.0
2026-05-09,3,wk inc rsv hosp,2026-05-30,13,quantile,0.15,0.0
2026-05-09,3,wk inc rsv hosp,2026-05-30,13,quantile,0.2,0.0
2026-05-09,3,wk inc rsv hosp,2026-05-30,13,quantile,0.25,0.0
2026-05-09,3,wk inc rsv hosp,2026-05-30,13,quantile,0.3,0.0
2026-05-09,3,wk inc rsv hosp,2026-05-30,13,quantile,0.35,0.0
2026-05-09,3,wk inc rsv hosp,2026-05-30,13,quantile,0.4,0.0
2026-05-09,3,wk inc rsv hosp,2026-05-30,13,quantile,0.45,0.0
2026-05-09,3,wk inc rsv hosp,2026-05-30,13,quantile,0.5,18.027544058333305
2026-05-09,3,wk inc rsv hosp,2026-05-30,13,quantile,0.55,32.10326477234268
2026-05-09,3,wk inc rsv hosp,2026-05-30,13,quantile,0.6,36.88579291488993
2026-05-09,3,wk inc rsv hosp,2026-05-30,13,quantile,0.65,108.20670297986337
2026-05-09,3,wk inc rsv hosp,2026-05-30,13,quantile,0.7,116.717062764215
2026-05-09,3,wk inc rsv hosp,2026-05-30,13,quantile,0.75,153.2426075785
2026-05-09,3,wk inc rsv hosp,2026-05-30,13,quantile,0.8,191.0897040485733
2026-05-09,3,wk inc rsv hosp,2026-05-30,13,quantile,0.85,193.92563420512
2026-05-09,3,wk inc rsv hosp,2026-05-30,13,quantile,0.9,237.81292742300008
2026-05-09,3,wk inc rsv hosp,2026-05-30,13,quantile,0.95,253.7751924083334
2026-05-09,3,wk inc rsv hosp,2026-05-30,13,quantile,0.975,253.7751924083334
2026-05-09,3,wk inc rsv hosp,2026-05-30,13,quantile,0.99,253.7751924083334
2026-05-09,3,wk inc rsv hosp,2026-05-30,24,quantile,0.01,0.0
2026-05-09,3,wk inc rsv hosp,2026-05-30,24,quantile,0.025,0.0
2026-05-09,3,wk inc rsv hosp,2026-05-30,24,quantile,0.05,0.0
2026-05-09,3,wk inc rsv hosp,2026-05-30,24,quantile,0.1,0.0
2026-05-09,3,wk inc rsv hosp,2026-05-30,24,quantile,0.15,0.0
2026-05-09,3,wk inc rsv hosp,2026-05-30,24,quantile,0.2,0.0
2026-05-09,3,wk inc rsv hosp,2026-05-30,24,quantile,0.25,0.0
2026-05-09,3,wk inc rsv hosp,2026-05-30,24,quantile,0.3,0.0
2026-05-09,3,wk inc rsv hosp,2026-05-30,24,quantile,0.35,0.0
2026-05-09,3,wk inc rsv hosp,2026-05-30,24,quantile,0.4,1.5474099462559234
2026-05-09,3,wk inc rsv hosp,2026-05-30,24,quantile,0.45,10.866435359491682
2026-05-09,3,wk inc rsv hosp,2026-05-30,24,quantile,0.5,16.403739854166677
2026-05-09,3,wk inc rsv hosp,2026-05-30,24,quantile,0.55,17.740937815508317
2026-05-09,3,wk inc rsv hosp,2026-05-30,24,quantile,0.6,27.059963228744078
2026-05-09,3,wk inc rsv hosp,2026-05-30,24,quantile,0.65,38.318964560642826
2026-05-09,3,wk inc rsv hosp,2026-05-30,24,quantile,0.7,45.38101243417731
2026-05-09,3,wk inc rsv hosp,2026-05-30,24,quantile,0.75,52.001263780682095
2026-05-09,3,wk inc rsv hosp,2026-05-30,24,quantile,0.8,58.05441376107531
2026-05-09,3,wk inc rsv hosp,2026-05-30,24,quantile,0.85,85.70158477735833
2026-05-09,3,wk inc rsv hosp,2026-05-30,24,quantile,0.9,90.605782380988
2026-05-09,3,wk inc rsv hosp,2026-05-30,24,quantile,0.95,91.86444972528132
2026-05-09,3,wk inc rsv hosp,2026-05-30,24,quantile,0.975,91.8940654275
2026-05-09,3,wk inc rsv hosp,2026-05-30,24,quantile,0.99,91.8940654275
2026-05-09,3,wk inc rsv hosp,2026-05-30,26,quantile,0.01,0.0
2026-05-09,3,wk inc rsv hosp,2026-05-30,26,quantile,0.025,0.0
2026-05-09,3,wk inc rsv hosp,2026-05-30,26,quantile,0.05,0.0
2026-05-09,3,wk inc rsv hosp,2026-05-30,26,quantile,0.1,0.0
2026-05-09,3,wk inc rsv hosp,2026-05-30,26,quantile,0.15,0.0
2026-05-09,3,wk inc rsv hosp,2026-05-30,26,quantile,0.2,0.0
2026-05-09,3,wk inc rsv hosp,2026-05-30,26,quantile,0.25,0.0
2026-05-09,3,wk inc rsv hosp,2026-05-30,26,quantile,0.3,0.0
2026-05-09,3,wk inc rsv hosp,2026-05-30,26,quantile,0.35,9.6986782840699
2026-05-09,3,wk inc rsv hosp,2026-05-30,26,quantile,0.4,14.969550111393334
2026-05-09,3,wk inc rsv hosp,2026-05-30,26,quantile,0.45,18.49207029818575
2026-05-09,3,wk inc rsv hosp,2026-05-30,26,quantile,0.5,36.7121476
2026-05-09,3,wk inc rsv hosp,2026-05-30,26,quantile,0.55,37.77139870181425
2026-05-09,3,wk inc rsv hosp,2026-05-30,26,quantile,0.6,41.29391888860667
2026-05-09,3,wk inc rsv hosp,2026-05-30,26,quantile,0.65,46.5647907159301
2026-05-09,3,wk inc rsv hosp,2026-05-30,26,quantile,0.7,59.399829145510864
2026-05-09,3,wk inc rsv hosp,2026-05-30,26,quantile,0.75,145.67001229286433
2026-05-09,3,wk inc rsv hosp,2026-05-30,26,quantile,0.8,160.02143847647383
2026-05-09,3,wk inc rsv hosp,2026-05-30,26,quantile,0.85,182.7526085505796
2026-05-09,3,wk inc rsv hosp,2026-05-30,26,quantile,0.9,184.584534236564
2026-05-09,3,wk inc rsv hosp,2026-05-30,26,quantile,0.95,208.17922753333332
2026-05-09,3,wk inc rsv hosp,2026-05-30,26,quantile,0.975,208.17922753333332
2026-05-09,3,wk inc rsv hosp,2026-05-30,26,quantile,0.99,208.17922753333332
2026-05-09,3,wk inc rsv hosp,2026-05-30,27,quantile,0.01,0.0
2026-05-09,3,wk inc rsv hosp,2026-05-30,27,quantile,0.025,0.0
2026-05-09,3,wk inc rsv hosp,2026-05-30,27,quantile,0.05,0.0
2026-05-09,3,wk inc rsv hosp,2026-05-30,27,quantile,0.1,0.0
2026-05-09,3,wk inc rsv hosp,2026-05-30,27,quantile,0.15,0.0
2026-05-09,3,wk inc rsv hosp,2026-05-30,27,quantile,0.2,0.0
2026-05-09,3,wk inc rsv hosp,2026-05-30,27,quantile,0.25,0.0
2026-05-09,3,wk inc rsv hosp,2026-05-30,27,quantile,0.3,0.0
2026-05-09,3,wk inc rsv hosp,2026-05-30,27,quantile,0.35,7.3182892590682656
2026-05-09,3,wk inc rsv hosp,2026-05-30,27,quantile,0.4,17.096819653630412
2026-05-09,3,wk inc rsv hosp,2026-05-30,27,quantile,0.45,53.09100480568567
2026-05-09,3,wk inc rsv hosp,2026-05-30,27,quantile,0.5,69.62710874166666
2026-05-09,3,wk inc rsv hosp,2026-05-30,27,quantile,0.55,85.58509944431431
2026-05-09,3,wk inc rsv hosp,2026-05-30,27,quantile,0.6,121.57928459636958
2026-05-09,3,wk inc rsv hosp,2026-05-30,27,quantile,0.65,131.35781499093173
2026-05-09,3,wk inc rsv hosp,2026-05-30,27,quantile,0.7,143.289068303007
2026-05-09,3,wk inc rsv hosp,2026-05-30,27,quantile,0.75,160.96633613280375
2026-05-09,3,wk inc rsv hosp,2026-05-30,27,quantile,0.8,173.35018988335992
2026-05-09,3,wk inc rsv hosp,2026-05-30,27,quantile,0.85,174.77909608534708
2026-05-09,3,wk inc rsv hosp,2026-05-30,27,quantile,0.9,195.0079250625
2026-05-09,3,wk inc rsv hosp,2026-05-30,27,quantile,0.95,195.0079250625
2026-05-09,3,wk inc rsv hosp,2026-05-30,27,quantile,0.975,195.0079250625
2026-05-09,3,wk inc rsv hosp,2026-05-30,27,quantile,0.99,195.0079250625
2026-05-09,3,wk inc rsv hosp,2026-05-30,35,quantile,0.01,0.0
2026-05-09,3,wk inc rsv hosp,2026-05-30,35,quantile,0.025,0.0
2026-05-09,3,wk inc rsv hosp,2026-05-30,35,quantile,0.05,0.0
2026-05-09,3,wk inc rsv hosp,2026-05-30,35,quantile,0.1,0.0
2026-05-09,3,wk inc rsv hosp,2026-05-30,35,quantile,0.15,0.0
2026-05-09,3,wk inc rsv hosp,2026-05-30,35,quantile,0.2,0.0
2026-05-09,3,wk inc rsv hosp,2026-05-30,35,quantile,0.25,0.0
2026-05-09,3,wk inc rsv hosp,2026-05-30,35,quantile,0.3,0.0
2026-05-09,3,wk inc rsv hosp,2026-05-30,35,quantile,0.35,4.951582034573722
2026-05-09,3,wk inc rsv hosp,2026-05-30,35,quantile,0.4,5.045986900453054
2026-05-09,3,wk inc rsv hosp,2026-05-30,35,quantile,0.45,10.304019939873337
2026-05-09,3,wk inc rsv hosp,2026-05-30,35,quantile,0.5,12.157959527499996
2026-05-09,3,wk inc rsv hosp,2026-05-30,35,quantile,0.55,12.45969161012666
2026-05-09,3,wk inc rsv hosp,2026-05-30,35,quantile,0.6,17.71772464954694
2026-05-09,3,wk inc rsv hosp,2026-05-30,35,quantile,0.65,17.812129515426275
2026-05-09,3,wk inc rsv hosp,2026-05-30,35,quantile,0.7,41.56528785248001
2026-05-09,3,wk inc rsv hosp,2026-05-30,35,quantile,0.75,62.18027214543758
2026-05-09,3,wk inc rsv hosp,2026-05-30,35,quantile,0.8,65.26948152346493
2026-05-09,3,wk inc rsv hosp,2026-05-30,35,quantile,0.85,85.77812050035377
2026-05-09,3,wk inc rsv hosp,2026-05-30,35,quantile,0.9,88.70552031203624
2026-05-09,3,wk inc rsv hosp,2026-05-30,35,quantile,0.95,91.872086775
2026-05-09,3,wk inc rsv hosp,2026-05-30,35,quantile,0.975,91.872086775
2026-05-09,3,wk inc rsv hosp,2026-05-30,35,quantile,0.99,91.872086775
2026-05-09,3,wk inc rsv hosp,2026-05-30,36,quantile,0.01,0.0
2026-05-09,3,wk inc rsv hosp,2026-05-30,36,quantile,0.025,0.0
2026-05-09,3,wk inc rsv hosp,2026-05-30,36,quantile,0.05,0.0
2026-05-09,3,wk inc rsv hosp,2026-05-30,36,quantile,0.1,0.0
2026-05-09,3,wk inc rsv hosp,2026-05-30,36,quantile,0.15,0.0
2026-05-09,3,wk inc rsv hosp,2026-05-30,36,quantile,0.2,0.0
2026-05-09,3,wk inc rsv hosp,2026-05-30,36,quantile,0.25,0.0
2026-05-09,3,wk inc rsv hosp,2026-05-30,36,quantile,0.3,0.0
2026-05-09,3,wk inc rsv hosp,2026-05-30,36,quantile,0.35,0.0
2026-05-09,3,wk inc rsv hosp,2026-05-30,36,quantile,0.4,4.092021155466689
2026-05-09,3,wk inc rsv hosp,2026-05-30,36,quantile,0.45,10.330894498302094
2026-05-09,3,wk inc rsv hosp,2026-05-30,36,quantile,0.5,46.86289881249998
2026-05-09,3,wk inc rsv hosp,2026-05-30,36,quantile,0.55,77.37989312669791
2026-05-09,3,wk inc rsv hosp,2026-05-30,36,quantile,0.6,83.61876646953331
2026-05-09,3,wk inc rsv hosp,2026-05-30,36,quantile,0.65,136.71010416637375
2026-05-09,3,wk inc rsv hosp,2026-05-30,36,quantile,0.7,164.8083583623999
2026-05-09,3,wk inc rsv hosp,2026-05-30,36,quantile,0.75,180.83622886259167
2026-05-09,3,wk inc rsv hosp,2026-05-30,36,quantile,0.8,273.8429278615097
2026-05-09,3,wk inc rsv hosp,2026-05-30,36,quantile,0.85,352.5136332502232
2026-05-09,3,wk inc rsv hosp,2026-05-30,36,quantile,0.9,432.9574378392469
2026-05-09,3,wk inc rsv hosp,2026-05-30,36,quantile,0.95,506.9564526133601
2026-05-09,3,wk inc rsv hosp,2026-05-30,36,quantile,0.975,528.5566089791668
2026-05-09,3,wk inc rsv hosp,2026-05-30,36,quantile,0.99,528.5566089791668
2026-05-09,3,wk inc rsv hosp,2026-05-30,41,quantile,0.01,0.0
2026-05-09,3,wk inc rsv hosp,2026-05-30,41,quantile,0.025,0.0
2026-05-09,3,wk inc rsv hosp,2026-05-30,41,quantile,0.05,0.0
2026-05-09,3,wk inc rsv hosp,2026-05-30,41,quantile,0.1,0.0
2026-05-09,3,wk inc rsv hosp,2026-05-30,41,quantile,0.15,0.0
2026-05-09,3,wk inc rsv hosp,2026-05-30,41,quantile,0.2,0.0
2026-05-09,3,wk inc rsv hosp,2026-05-30,41,quantile,0.25,0.0
2026-05-09,3,wk inc rsv hosp,2026-05-30,41,quantile,0.3,0.0
2026-05-09,3,wk inc rsv hosp,2026-05-30,41,quantile,0.35,0.0
2026-05-09,3,wk inc rsv hosp,2026-05-30,41,quantile,0.4,4.97994682763669
2026-05-09,3,wk inc rsv hosp,2026-05-30,41,quantile,0.45,11.412412963676047
2026-05-09,3,wk inc rsv hosp,2026-05-30,41,quantile,0.5,12.677579283333332
2026-05-09,3,wk inc rsv hosp,2026-05-30,41,quantile,0.55,13.133420036323953
2026-05-09,3,wk inc rsv hosp,2026-05-30,41,quantile,0.6,19.565886172363307
2026-05-09,3,wk inc rsv hosp,2026-05-30,41,quantile,0.65,28.626078596409258
2026-05-09,3,wk inc rsv hosp,2026-05-30,41,quantile,0.7,57.66394130497668
2026-05-09,3,wk inc rsv hosp,2026-05-30,41,quantile,0.75,66.07221191319599
2026-05-09,3,wk inc rsv hosp,2026-05-30,41,quantile,0.8,73.37029961648899
2026-05-09,3,wk inc rsv hosp,2026-05-30,41,quantile,0.85,86.02016692382448
2026-05-09,3,wk inc rsv hosp,2026-05-30,41,quantile,0.9,98.07688291449496
2026-05-09,3,wk inc rsv hosp,2026-05-30,41,quantile,0.95,107.30866306818515
2026-05-09,3,wk inc rsv hosp,2026-05-30,41,quantile,0.975,117.27618281666663
2026-05-09,3,wk inc rsv hosp,2026-05-30,41,quantile,0.99,117.27618281666663
2026-05-09,3,wk inc rsv hosp,2026-05-30,47,quantile,0.01,0.0
2026-05-09,3,wk inc rsv hosp,2026-05-30,47,quantile,0.025,0.0
2026-05-09,3,wk inc rsv hosp,2026-05-30,47,quantile,0.05,0.0
2026-05-09,3,wk inc rsv hosp,2026-05-30,47,quantile,0.1,0.0
2026-05-09,3,wk inc rsv hosp,2026-05-30,47,quantile,0.15,0.0
2026-05-09,3,wk inc rsv hosp,2026-05-30,47,quantile,0.2,1.8264731074001477
2026-05-09,3,wk inc rsv hosp,2026-05-30,47,quantile,0.25,4.451542585166642
2026-05-09,3,wk inc rsv hosp,2026-05-30,47,quantile,0.3,4.563749007163317
2026-05-09,3,wk inc rsv hosp,2026-05-30,47,quantile,0.35,10.930271525970284
2026-05-09,3,wk inc rsv hosp,2026-05-30,47,quantile,0.4,17.059456349681916
2026-05-09,3,wk inc rsv hosp,2026-05-30,47,quantile,0.45,23.011219798377127
2026-05-09,3,wk inc rsv hosp,2026-05-30,47,quantile,0.5,65.0375125225
2026-05-09,3,wk inc rsv hosp,2026-05-30,47,quantile,0.55,91.91864995162288
2026-05-09,3,wk inc rsv hosp,2026-05-30,47,quantile,0.6,97.87041340031809
2026-05-09,3,wk inc rsv hosp,2026-05-30,47,quantile,0.65,103.99959822402973
2026-05-09,3,wk inc rsv hosp,2026-05-30,47,quantile,0.7,110.36612074283669
2026-05-09,3,wk inc rsv hosp,2026-05-30,47,quantile,0.75,110.47832716483336
2026-05-09,3,wk inc rsv hosp,2026-05-30,47,quantile,0.8,113.10339664259983
2026-05-09,3,wk inc rsv hosp,2026-05-30,47,quantile,0.85,146.04123625101442
2026-05-09,3,wk inc rsv hosp,2026-05-30,47,quantile,0.9,170.298984500852
2026-05-09,3,wk inc rsv hosp,2026-05-30,47,quantile,0.95,193.38999792499996
2026-05-09,3,wk inc rsv hosp,2026-05-30,47,quantile,0.975,193.38999792499996
2026-05-09,3,wk inc rsv hosp,2026-05-30,47,quantile,0.99,193.38999792499996
2026-05-09,3,wk inc rsv hosp,2026-05-30,49,quantile,0.01,0.0
2026-05-09,3,wk inc rsv hosp,2026-05-30,49,quantile,0.025,0.0
2026-05-09,3,wk inc rsv hosp,2026-05-30,49,quantile,0.05,0.0
2026-05-09,3,wk inc rsv hosp,2026-05-30,49,quantile,0.1,0.0
2026-05-09,3,wk inc rsv hosp,2026-05-30,49,quantile,0.15,0.0
2026-05-09,3,wk inc rsv hosp,2026-05-30,49,quantile,0.2,0.0
2026-05-09,3,wk inc rsv hosp,2026-05-30,49,quantile,0.25,0.0
2026-05-09,3,wk inc rsv hosp,2026-05-30,49,quantile,0.3,0.0
2026-05-09,3,wk inc rsv hosp,2026-05-30,49,quantile,0.35,0.0
2026-05-09,3,wk inc rsv hosp,2026-05-30,49,quantile,0.4,0.0
2026-05-09,3,wk inc rsv hosp,2026-05-30,49,quantile,0.45,0.0
2026-05-09,3,wk inc rsv hosp,2026-05-30,49,quantile,0.5,18.62653256833335
2026-05-09,3,wk inc rsv hosp,2026-05-30,49,quantile,0.55,22.68173451483336
2026-05-09,3,wk inc rsv hosp,2026-05-30,49,quantile,0.6,27.434916221704583
2026-05-09,3,wk inc rsv hosp,2026-05-30,49,quantile,0.65,29.520504087681047
2026-05-09,3,wk inc rsv hosp,2026-05-30,49,quantile,0.7,46.336118680375
2026-05-09,3,wk inc rsv hosp,2026-05-30,49,quantile,0.75,64.13880683952507
2026-05-09,3,wk inc rsv hosp,2026-05-30,49,quantile,0.8,70.94812425328742
2026-05-09,3,wk inc rsv hosp,2026-05-30,49,quantile,0.85,89.72943504473542
2026-05-09,3,wk inc rsv hosp,2026-05-30,49,quantile,0.9,90.08141261775418
2026-05-09,3,wk inc rsv hosp,2026-05-30,49,quantile,0.95,95.06431080833336
2026-05-09,3,wk inc rsv hosp,2026-05-30,49,quantile,0.975,95.06431080833336
2026-05-09,3,wk inc rsv hosp,2026-05-30,49,quantile,0.99,95.06431080833336
2026-05-09,3,wk inc rsv hosp,2026-05-30,US,quantile,0.01,0.0
2026-05-09,3,wk inc rsv hosp,2026-05-30,US,quantile,0.025,0.0
2026-05-09,3,wk inc rsv hosp,2026-05-30,US,quantile,0.05,0.0
2026-05-09,3,wk inc rsv hosp,2026-05-30,US,quantile,0.1,0.0
2026-05-09,3,wk inc rsv hosp,2026-05-30,US,quantile,0.15,0.0
2026-05-09,3,wk inc rsv hosp,2026-05-30,US,quantile,0.2,0.0
2026-05-09,3,wk inc rsv hosp,2026-05-30,US,quantile,0.25,0.0
2026-05-09,3,wk inc rsv hosp,2026-05-30,US,quantile,0.3,381.4701105631348
2026-05-09,3,wk inc rsv hosp,2026-05-30,US,quantile,0.35,580.1060762884351
2026-05-09,3,wk inc rsv hosp,2026-05-30,US,quantile,0.4,784.7152084687998
2026-05-09,3,wk inc rsv hosp,2026-05-30,US,quantile,0.45,1563.60328086289
2026-05-09,3,wk inc rsv hosp,2026-05-30,US,quantile,0.5,1830.1045016666665
2026-05-09,3,wk inc rsv hosp,2026-05-30,US,quantile,0.55,2057.53536913711
2026-05-09,3,wk inc rsv hosp,2026-05-30,US,quantile,0.6,2836.4234415312003
2026-05-09,3,wk inc rsv hosp,2026-05-30,US,quantile,0.65,3041.0325737115645
2026-05-09,3,wk inc rsv hosp,2026-05-30,US,quantile,0.7,3239.668539436865
2026-05-09,3,wk inc rsv hosp,2026-05-30,US,quantile,0.75,4034.21630983875
2026-05-09,3,wk inc rsv hosp,2026-05-30,US,quantile,0.8,5113.126014034733
2026-05-09,3,wk inc rsv hosp,2026-05-30,US,quantile,0.85,5128.917443244933
2026-05-09,3,wk inc rsv hosp,2026-05-30,US,quantile,0.9,5335.641590648331
2026-05-09,3,wk inc rsv hosp,2026-05-30,US,quantile,0.95,6928.743033666668
2026-05-09,3,wk inc rsv hosp,2026-05-30,US,quantile,0.975,6928.743033666668
2026-05-09,3,wk inc rsv hosp,2026-05-30,US,quantile,0.99,6928.743033666668
